cust_id,km_clusters,hc_clusters,same_cluster,has_CC,has_CK,has_SV,acct_term_CC,acct_term_CK,acct_term_SV,avg_tran_amt_CC,avg_tran_amt_CK,avg_tran_amt_SV,days_per_tran_CC,days_per_tran_CK,days_per_tran_SV,acct_balance_change_CC,acct_balance_change_CK,acct_balance_change_SV
1362480,1,0,0,1.0,1.0,1.0,1087.0,1104.0,1104.0,60.89562500000001,-2.4746464646464617,18.55076923076924,10.0,0.0,13.0,-1587.4,-244.99,480.88
1362484,2,2,1,1.0,1.0,1.0,1094.0,1094.0,1094.0,16.797636363636357,-25.435757575757577,58.47454545454546,6.0,0.0,10.0,-909.06,-2518.14,1927.41
1362485,1,0,0,1.0,1.0,0.0,1358.0,97.0,0.0,-10.57263888888889,-1.6594949494949491,0.0,5.0,0.0,0.0,817.62,-164.29,0.0
1362486,1,0,0,0.0,1.0,1.0,0.0,495.0,2363.0,0.0,-37.6048,-6.729600000000004,0.0,14.0,14.0,0.0,-940.1200000000003,-168.24
1362487,2,2,1,1.0,1.0,1.0,146.0,354.0,424.0,-47.98718749999999,-26.513269230769236,-33.62315789473685,4.0,6.0,10.0,1548.23,-1379.8600000000001,-638.84
1362488,2,2,1,0.0,1.0,0.0,0.0,2253.0,0.0,0.0,-41.540606060606045,0.0,0.0,3.0,0.0,0.0,-4112.5199999999995,0.0
1362489,1,0,0,1.0,1.0,1.0,1859.0,804.0,840.0,48.40514285714287,-7.151212121212117,-17.57227272727273,7.0,2.0,15.0,-1445.41,-707.97,-386.59000000000003
1362492,2,2,1,1.0,1.0,0.0,145.0,253.0,0.0,-63.33096774193549,-45.64060606060607,0.0,4.0,2.0,0.0,2000.0,-4518.780000000001,0.0
1362496,1,0,0,0.0,0.0,1.0,0.0,0.0,390.0,0.0,0.0,0.31,0.0,0.0,27.0,0.0,0.0,3.719999999999999
1362497,1,0,0,0.0,0.0,1.0,0.0,0.0,1300.0,0.0,0.0,-15.191621621621616,0.0,0.0,9.0,0.0,0.0,-562.09
1362498,1,0,0,0.0,1.0,1.0,0.0,323.0,108.0,0.0,-1.072105263157893,2.861666666666667,0.0,5.0,27.0,0.0,-61.110000000000014,34.33999999999969
1362499,1,0,0,1.0,0.0,0.0,2118.0,0.0,0.0,-15.36605263157894,0.0,0.0,9.0,0.0,0.0,853.7,0.0,0.0
1362500,1,0,0,0.0,1.0,1.0,0.0,28.0,24.0,0.0,32.6661111111111,0.4175,0.0,1.0,27.0,0.0,587.9900000000001,5.009999999999991
1362501,1,0,0,1.0,1.0,0.0,789.0,3275.0,0.0,278.6466666666667,-4.605194805194798,0.0,28.0,4.0,0.0,-3184.9900000000002,-354.59999999999997,0.0
1362502,1,0,0,0.0,0.0,1.0,0.0,0.0,2789.0,0.0,0.0,21.36136363636363,0.0,0.0,15.0,0.0,0.0,468.86999999999995
1362503,2,2,1,0.0,1.0,0.0,0.0,487.0,0.0,0.0,-16.564949494949495,0.0,0.0,2.0,0.0,0.0,-1640.56,0.0
1362505,1,0,0,0.0,1.0,1.0,0.0,661.0,1240.0,0.0,-1.1480808080808094,-3.070882352941176,0.0,2.0,9.0,0.0,-113.66,-104.76999999999998
1362506,1,0,0,1.0,0.0,0.0,202.0,0.0,0.0,-140.55100000000002,0.0,0.0,6.0,0.0,0.0,4216.53,0.0,0.0
1362507,1,0,0,0.0,1.0,0.0,0.0,325.0,0.0,0.0,7.582020202020202,0.0,0.0,1.0,0.0,0.0,750.6199999999999,0.0
1362508,2,0,0,1.0,1.0,1.0,2283.0,2283.0,2283.0,-2.0678160919540214,-25.970606060606052,4.044545454545452,4.0,0.0,10.0,260.21000000000004,-2571.0899999999997,133.47000000000003
1362509,1,0,0,1.0,1.0,1.0,630.0,422.0,812.0,10.5760465116279,-1.7405050505050523,4.418139534883722,1.0,0.0,4.0,-867.49,-171.68,189.98
1362510,2,2,1,0.0,1.0,0.0,0.0,961.0,0.0,0.0,-27.25968421052632,0.0,0.0,3.0,0.0,0.0,-2589.67,0.0
1362511,1,0,0,1.0,1.0,1.0,253.0,774.0,977.0,-18.46795918367347,-1.791818181818184,11.659249999999997,4.0,0.0,9.0,904.93,-177.39,465.83000000000004
1362512,2,0,0,1.0,1.0,1.0,1071.0,1071.0,834.0,-46.13961538461538,-15.263030303030314,59.15222222222222,13.0,2.0,5.0,1314.9,-1511.0399999999997,1064.7399999999998
1362513,1,0,0,0.0,1.0,1.0,0.0,36.0,444.0,0.0,10.39263157894737,-1.436153846153842,0.0,0.0,12.0,0.0,394.91999999999996,-37.339999999999975
1362516,1,0,0,1.0,1.0,0.0,604.0,68.0,0.0,-6.6842500000000005,-20.803750000000004,0.0,8.0,13.0,0.0,313.58000000000004,-499.28999999999996,0.0
1362520,1,0,0,1.0,1.0,0.0,749.0,329.0,0.0,41.10955555555555,-2.4853535353535348,0.0,7.0,0.0,0.0,-1556.58,-246.04999999999995,0.0
1362523,1,0,0,0.0,0.0,1.0,0.0,0.0,1284.0,0.0,0.0,-5.185769230769231,0.0,0.0,12.0,0.0,0.0,-134.82999999999998
1362524,1,0,0,0.0,0.0,1.0,0.0,0.0,2723.0,0.0,0.0,18.130769230769236,0.0,0.0,12.0,0.0,0.0,471.4
1362525,1,0,0,1.0,1.0,1.0,1351.0,1374.0,1902.0,19.931224489795934,-1.6255555555555574,0.7433333333333295,3.0,0.0,9.0,-1850.6699999999998,-160.92999999999998,28.810000000000002
1362526,2,0,0,1.0,1.0,1.0,477.0,189.0,657.0,237.7791666666667,-27.734444444444463,24.78416666666665,27.0,1.0,14.0,-2417.7000000000007,-2745.71,593.92
1362528,1,0,0,1.0,1.0,1.0,3640.0,3640.0,3640.0,0.8384000000000006,-14.596565656565653,0.2380645161290282,7.0,1.0,11.0,-35.25999999999999,-1445.7800000000002,7.3799999999999955
1362529,1,0,0,1.0,1.0,1.0,1428.0,343.0,1142.0,34.905384615384605,2.3858585858585872,10.128571428571433,9.0,0.0,15.0,-1048.21,236.19999999999993,211.08000000000004
1362530,2,2,1,1.0,1.0,1.0,867.0,251.0,1480.0,-25.869230769230775,-53.526969696969715,12.718076923076922,6.0,1.0,13.0,1402.77,-5299.17,330.66999999999996
1362531,2,2,1,1.0,1.0,0.0,554.0,636.0,0.0,4.733437499999998,-34.613131313131305,0.0,10.0,0.0,0.0,183.8900000000001,-3427.5099999999998,0.0
1362535,1,0,0,1.0,0.0,0.0,2057.0,0.0,0.0,2.8376712328767124,0.0,0.0,4.0,0.0,0.0,-204.27,0.0,0.0
1362537,1,0,0,0.0,0.0,1.0,0.0,0.0,2108.0,0.0,0.0,52.93785714285714,0.0,0.0,11.0,0.0,0.0,1482.26
1362540,0,1,0,0.0,1.0,0.0,0.0,185.0,0.0,0.0,-91.95464646464647,0.0,0.0,1.0,0.0,0.0,-9103.51,0.0
1362541,1,0,0,1.0,0.0,0.0,297.0,0.0,0.0,-42.638749999999995,0.0,0.0,5.0,0.0,0.0,2093.96,0.0,0.0
1362542,2,0,0,1.0,1.0,1.0,2460.0,555.0,66.0,173.37615384615384,-54.069056603773596,40.28807692307692,27.0,6.0,12.0,-2149.53,-2865.66,1046.8600000000001
1362546,2,0,0,1.0,1.0,1.0,2142.0,2142.0,2142.0,13.397023809523809,-25.98323232323233,33.48153846153846,4.0,0.0,13.0,-1047.98,-2572.34,870.52
1362547,1,0,0,1.0,0.0,0.0,260.0,0.0,0.0,-13.581692307692293,0.0,0.0,3.0,0.0,0.0,952.52,0.0,0.0
1362548,0,1,0,1.0,1.0,1.0,3338.0,3338.0,3338.0,317.14772727272725,-54.89585858585859,0.31499999999999995,15.0,2.0,27.0,-6896.57,-5434.6900000000005,3.780000000000001
1362549,1,0,0,1.0,0.0,1.0,519.0,0.0,1015.0,1.2243835616438392,0.0,16.196222222222225,4.0,0.0,8.0,-18.039999999999964,0.0,727.57
1362550,1,0,0,0.0,0.0,1.0,0.0,0.0,280.0,0.0,0.0,-5.783076923076924,0.0,0.0,12.0,0.0,0.0,-150.89999999999998
1362551,1,0,0,0.0,1.0,0.0,0.0,105.0,0.0,0.0,21.408227848101266,0.0,0.0,1.0,0.0,0.0,1691.25,0.0
1362552,1,0,0,1.0,1.0,0.0,878.0,1133.0,0.0,-1.3267796610169487,-2.070505050505051,0.0,6.0,2.0,0.0,125.75,-205.61,0.0
1362555,1,0,0,0.0,1.0,1.0,0.0,1621.0,962.0,0.0,3.35616161616162,-4.192499999999999,0.0,0.0,9.0,0.0,332.26,-150.93
1362556,1,0,0,1.0,0.0,1.0,1307.0,0.0,2536.0,38.39619047619047,0.0,-3.6000000000000054,5.0,0.0,15.0,-1413.94,0.0,-80.00999999999993
1362557,2,2,1,1.0,1.0,1.0,52.0,115.0,84.0,-125.0,-20.179393939393947,-20.29225806451613,3.0,2.0,10.0,1000.0,-1998.21,-629.06
1362562,2,0,0,1.0,1.0,1.0,58.0,45.0,192.0,-351.85185185185185,-24.98020202020203,86.82025000000002,1.0,3.0,8.0,9500.0,-2475.92,3472.81
1362563,1,0,0,1.0,1.0,0.0,147.0,1109.0,0.0,-36.28222222222223,-5.408383838383828,0.0,4.0,0.0,0.0,1000.0,-535.4300000000001,0.0
1362565,2,2,1,1.0,1.0,1.0,3230.0,218.0,3511.0,-8.60363636363636,-55.373838383838375,28.2490909090909,6.0,1.0,15.0,529.12,-5482.01,621.48
1362566,0,1,0,1.0,1.0,0.0,1044.0,1016.0,0.0,113.47408163265305,-174.5157575757575,0.0,7.0,0.0,0.0,-4781.23,-17277.06,0.0
1362567,1,0,0,0.0,0.0,1.0,0.0,0.0,2291.0,0.0,0.0,32.0819298245614,0.0,0.0,6.0,0.0,0.0,1828.3100000000004
1362568,2,2,1,0.0,1.0,1.0,0.0,97.0,356.0,0.0,-40.932525252525274,3.4013333333333384,0.0,3.0,11.0,0.0,-4052.3199999999997,102.03999999999996
1362569,2,0,0,1.0,1.0,0.0,26.0,270.0,0.0,-328.5714285714285,-8.894848484848476,0.0,0.0,1.0,0.0,9200.0,-880.59,0.0
1362570,1,0,0,0.0,0.0,1.0,0.0,0.0,62.0,0.0,0.0,0.21750000000000003,0.0,0.0,27.0,0.0,0.0,2.609999999999985
1362571,1,0,0,1.0,1.0,1.0,619.0,1353.0,1773.0,-9.61047619047619,-2.1880898876404498,-14.87142857142857,17.0,0.0,17.0,312.79999999999995,-194.74,-312.48000000000025
1362572,1,0,0,1.0,1.0,1.0,854.0,564.0,775.0,0.3751282051282057,-2.4443434343434363,7.482580645161289,8.0,0.0,11.0,-9.289999999999964,-242.53,230.34000000000003
1362573,2,2,1,0.0,1.0,1.0,0.0,2025.0,2024.0,0.0,-42.894747474747476,-7.843750000000002,0.0,0.0,8.0,0.0,-4246.58,-313.75
1362574,1,0,0,1.0,0.0,0.0,216.0,0.0,0.0,-17.567567567567572,0.0,0.0,2.0,0.0,0.0,1300.0,0.0,0.0
1362577,1,0,0,1.0,1.0,0.0,270.0,250.0,0.0,-81.33809523809525,-6.229090909090905,0.0,11.0,2.0,0.0,1808.22,-616.6800000000001,0.0
1362578,2,2,1,1.0,1.0,1.0,904.0,904.0,904.0,-11.096470588235295,-24.337676767676772,24.382399999999997,7.0,2.0,14.0,595.0600000000001,-2409.4300000000003,608.8399999999999
1362579,1,0,0,1.0,1.0,0.0,1253.0,1459.0,0.0,18.27186046511628,3.341010101010102,0.0,2.0,0.0,0.0,-1479.6100000000001,330.49,0.0
1362580,1,0,0,1.0,1.0,1.0,1372.0,1126.0,1176.0,-23.705555555555563,-3.497373737373735,-14.54428571428572,9.0,1.0,15.0,1051.04,-346.24,-305.43
1362584,1,0,0,1.0,1.0,1.0,110.0,245.0,579.0,-29.275882352941178,-1.0713131313131314,-1.2742307692307713,2.0,0.0,13.0,1000.0,-106.51,-33.13000000000011
1362585,1,0,0,0.0,1.0,0.0,0.0,1759.0,0.0,0.0,-2.068383838383834,0.0,0.0,0.0,0.0,0.0,-204.76999999999998,0.0
1362586,1,0,0,1.0,1.0,0.0,1434.0,72.0,0.0,-35.37214285714287,0.9460606060606046,0.0,6.0,0.0,0.0,2325.7200000000003,92.94,0.0
1362587,2,2,1,1.0,1.0,1.0,2294.0,1972.0,335.0,1.461392405063291,-22.504141414141408,29.31787878787879,4.0,0.0,10.0,-20.029999999999973,-2228.63,967.4900000000001
1362588,1,0,0,1.0,1.0,1.0,1421.0,1206.0,1899.0,-9.502407407407407,-2.270707070707073,-7.3493939393939405,6.0,0.0,10.0,546.55,-224.79999999999998,-242.53
1362589,1,0,0,0.0,0.0,1.0,0.0,0.0,627.0,0.0,0.0,19.240937499999998,0.0,0.0,11.0,0.0,0.0,614.9
1362590,2,2,1,0.0,1.0,1.0,0.0,998.0,873.0,0.0,-24.707714285714285,1.3741666666666665,0.0,4.0,27.0,0.0,-1729.54,16.49000000000001
1362591,2,2,1,1.0,1.0,0.0,427.0,922.0,0.0,-5.332788461538456,-24.950000000000003,0.0,3.0,0.0,0.0,695.0699999999999,-2470.0499999999997,0.0
1362592,1,0,0,1.0,1.0,0.0,933.0,306.0,0.0,80.48535714285713,-5.850303030303031,0.0,12.0,1.0,0.0,-1796.7200000000003,-579.1800000000001,0.0
1362593,2,2,1,1.0,1.0,0.0,216.0,132.0,0.0,-8.531200000000021,-39.873939393939395,0.0,2.0,2.0,0.0,689.96,-3947.5199999999995,0.0
1362594,0,1,0,1.0,1.0,1.0,1233.0,247.0,551.0,193.33444444444447,-98.93191919191918,121.98605263157896,3.0,2.0,9.0,-9557.0,-9794.259999999998,4634.66
1362595,2,2,1,0.0,1.0,0.0,0.0,795.0,0.0,0.0,-40.095353535353524,0.0,0.0,1.0,0.0,0.0,-3969.44,0.0
1362596,1,0,0,0.0,0.0,1.0,0.0,0.0,169.0,0.0,0.0,-10.976923076923075,0.0,0.0,12.0,0.0,0.0,-285.40000000000003
1362597,2,2,1,1.0,1.0,0.0,822.0,1792.0,0.0,12.454468085106388,-21.380404040404045,0.0,7.0,0.0,0.0,-496.3399999999999,-2116.66,0.0
1362598,0,2,0,1.0,1.0,0.0,527.0,1035.0,0.0,143.79153846153847,-91.97689189189188,0.0,25.0,0.0,0.0,-1781.88,-6806.29,0.0
1362602,1,0,0,1.0,1.0,1.0,1075.0,308.0,337.0,49.555230769230796,1.9988888888888912,35.74634146341463,5.0,0.0,8.0,-3165.18,197.89,1465.6000000000001
1362604,1,0,0,0.0,0.0,1.0,0.0,0.0,189.0,0.0,0.0,0.03749999999999807,0.0,0.0,8.0,0.0,0.0,1.5
1362605,1,0,0,1.0,1.0,1.0,1816.0,590.0,646.0,-8.150322580645161,-2.9555952380952357,1.5050000000000001,11.0,4.0,27.0,294.78999999999996,-248.27,18.06000000000006
1362606,2,2,1,1.0,1.0,0.0,241.0,83.0,0.0,-22.41745454545455,-38.22020202020204,0.0,4.0,2.0,0.0,1232.96,-3783.8,0.0
1362607,1,0,0,1.0,1.0,0.0,708.0,916.0,0.0,16.82437500000002,-1.2624242424242398,0.0,5.0,0.0,0.0,-1054.0900000000001,-124.97999999999999,0.0
1362609,2,2,1,1.0,1.0,1.0,1260.0,472.0,193.0,-19.870454545454546,-25.731717171717175,-22.854193548387094,8.0,0.0,10.0,1224.93,-2547.89,-709.02
1362610,1,0,0,1.0,0.0,0.0,3176.0,0.0,0.0,3.7842857142857143,0.0,0.0,7.0,0.0,0.0,-175.27999999999997,0.0,0.0
1362611,1,0,0,1.0,1.0,0.0,576.0,3054.0,0.0,55.70181818181818,-0.75,0.0,7.0,45.0,0.0,-2343.32,-1.5,0.0
1362613,1,0,0,1.0,0.0,1.0,2536.0,0.0,2.0,-18.470588235294134,0.0,3.654642857142857,10.0,0.0,11.0,751.99,0.0,102.33000000000001
1362614,1,0,0,0.0,0.0,1.0,0.0,0.0,46.0,0.0,0.0,34.852,0.0,0.0,8.0,0.0,0.0,1394.08
1362617,1,0,0,1.0,1.0,1.0,141.0,63.0,228.0,-23.554615384615392,-3.3476363636363637,0.16999999999999996,8.0,6.0,27.0,306.84,-184.12,2.0400000000000205
1362619,2,0,0,1.0,1.0,1.0,636.0,397.0,979.0,3905.04,-33.45494949494949,2.7874999999999996,0.0,3.0,27.0,-3866.7,-3312.04,33.44999999999982
1362620,2,2,1,0.0,1.0,0.0,0.0,642.0,0.0,0.0,-40.30838383838385,0.0,0.0,0.0,0.0,0.0,-3990.5299999999997,0.0
1362621,2,2,1,1.0,1.0,1.0,41.0,255.0,671.0,-100.0,-31.39703703703703,36.69095238095238,1.0,4.0,15.0,1000.0,-2543.16,770.4200000000001
1362622,2,2,1,1.0,1.0,1.0,1205.0,1449.0,2459.0,42.802391304347815,-38.50151515151516,134.86516129032256,4.0,1.0,11.0,-1901.54,-3811.7400000000007,4180.82
1362623,1,0,0,0.0,1.0,1.0,0.0,456.0,281.0,0.0,-4.816851851851852,0.044285714285714255,0.0,0.0,23.0,0.0,-260.11,0.6199999999999761
1362624,1,0,0,1.0,0.0,1.0,1859.0,0.0,927.0,-14.251836734693883,0.0,25.52076923076923,7.0,0.0,12.0,767.25,0.0,663.54
1362625,1,0,0,1.0,1.0,0.0,2554.0,1771.0,0.0,63.33075000000002,1.9108695652173926,0.0,8.0,5.0,0.0,-2456.07,43.94999999999993,0.0
1362630,2,2,1,1.0,1.0,0.0,1083.0,1756.0,0.0,25.650476190476194,-26.789090909090902,0.0,1.0,0.0,0.0,-1053.96,-2652.3,0.0
1362631,2,2,1,1.0,1.0,1.0,1659.0,1659.0,1659.0,3.7972549019607875,-52.68882352941176,0.6608333333333334,6.0,4.0,27.0,-184.86,-4478.55,7.92999999999995
1362632,2,2,1,0.0,1.0,0.0,0.0,757.0,0.0,0.0,-68.4269696969697,0.0,0.0,0.0,0.0,0.0,-6774.27,0.0
1362633,2,2,1,1.0,1.0,1.0,708.0,1171.0,1165.0,-10.165217391304349,-40.31020202020202,-1.7484210526315773,5.0,0.0,8.0,750.8199999999999,-3990.71,-66.44
1362636,2,2,1,1.0,1.0,0.0,3046.0,418.0,0.0,1.8896610169491497,-26.84121212121211,0.0,6.0,2.0,0.0,-38.960000000000036,-2657.1000000000004,0.0
1362637,1,0,0,1.0,1.0,1.0,204.0,187.0,1665.0,-43.504230769230766,-2.498585858585856,-15.940526315789477,7.0,0.0,17.0,1200.0,-247.35999999999999,-302.87
1362638,1,0,0,0.0,1.0,0.0,0.0,348.0,0.0,0.0,-2.2071929824561383,0.0,0.0,5.0,0.0,0.0,-125.81,0.0
1362640,1,0,0,1.0,0.0,1.0,617.0,0.0,572.0,11.882153846153848,0.0,32.163428571428575,5.0,0.0,9.0,-701.51,0.0,1125.54
1362641,1,0,0,1.0,1.0,1.0,2590.0,2590.0,2564.0,11.558620689655173,-21.886730769230777,0.17909090909090905,11.0,7.0,27.0,-329.38,-1138.5600000000002,1.9699999999999989
1362642,1,0,0,1.0,1.0,1.0,965.0,502.0,463.0,-2.1684507042253554,-0.1904040404040417,-2.871290322580645,4.0,0.0,11.0,228.84000000000003,-18.85000000000001,-89.01
1362643,2,0,0,1.0,1.0,1.0,1156.0,1404.0,1297.0,43.23739130434784,-44.094909090909084,21.12117647058823,5.0,6.0,12.0,-976.67,-2426.2099999999996,359.05999999999995
1362644,1,0,0,1.0,1.0,1.0,1640.0,1671.0,205.0,-10.813809523809525,1.9374999999999976,0.16166666666666665,16.0,9.0,27.0,239.49999999999997,69.75,1.9399999999999977
1362645,1,0,0,1.0,1.0,0.0,346.0,562.0,0.0,61.058684210526316,6.553737373737373,0.0,6.0,0.0,0.0,-2051.7,648.8199999999999,0.0
1362649,1,0,0,1.0,1.0,0.0,1293.0,315.0,0.0,-8.99,-1.052626262626264,0.0,4.0,0.0,0.0,812.83,-104.21000000000001,0.0
1362650,1,0,0,1.0,0.0,1.0,34.0,0.0,271.0,-50.00000000000001,0.0,-0.17000000000000015,1.0,0.0,8.0,1000.0,0.0,-6.460000000000008
1362652,1,0,0,0.0,1.0,0.0,0.0,85.0,0.0,0.0,-2.9101010101010085,0.0,0.0,2.0,0.0,0.0,-288.82,0.0
1362653,1,0,0,1.0,1.0,0.0,98.0,1108.0,0.0,-37.142812500000005,4.46656565656566,0.0,2.0,0.0,0.0,1188.57,442.18999999999994,0.0
1362654,1,0,0,0.0,0.0,1.0,0.0,0.0,1171.0,0.0,0.0,-7.71761904761905,0.0,0.0,15.0,0.0,0.0,-162.06999999999994
1362656,1,0,0,1.0,0.0,1.0,830.0,0.0,904.0,9.814705882352948,0.0,6.516052631578947,6.0,0.0,9.0,-448.03,0.0,246.8
1362657,1,0,0,0.0,1.0,0.0,0.0,2399.0,0.0,0.0,-1.6046835443038037,0.0,0.0,4.0,0.0,0.0,-126.68,0.0
1362658,2,0,0,1.0,1.0,1.0,1775.0,1775.0,1775.0,563.9525,-101.33807692307693,0.2966666666666666,27.0,12.0,27.0,-4414.23,-2634.79,3.5600000000000023
1362659,1,0,0,0.0,0.0,1.0,0.0,0.0,223.0,0.0,0.0,-4.8129629629629616,0.0,0.0,6.0,0.0,0.0,-259.98999999999995
1362661,1,0,0,1.0,0.0,1.0,1795.0,0.0,60.0,0.05859649122806774,0.0,35.361,6.0,0.0,8.0,73.95000000000005,0.0,1408.1399999999999
1362662,2,2,1,0.0,1.0,0.0,0.0,1491.0,0.0,0.0,-25.367272727272724,0.0,0.0,1.0,0.0,0.0,-2512.08,0.0
1362663,1,0,0,1.0,1.0,0.0,1519.0,1167.0,0.0,-42.21078431372548,-1.5505050505050522,0.0,6.0,2.0,0.0,2571.13,-153.5,0.0
1362664,2,0,0,1.0,1.0,0.0,190.0,1550.0,0.0,-27.735405405405405,-14.720101010101017,0.0,4.0,2.0,0.0,1052.38,-1457.2899999999995,0.0
1362665,1,0,0,0.0,0.0,1.0,0.0,0.0,1183.0,0.0,0.0,-2.5237837837837858,0.0,0.0,9.0,0.0,0.0,-93.38000000000011
1362666,1,0,0,0.0,0.0,1.0,0.0,0.0,1773.0,0.0,0.0,-12.376818181818182,0.0,0.0,15.0,0.0,0.0,-273.99999999999994
1362668,1,0,0,0.0,0.0,1.0,0.0,0.0,1859.0,0.0,0.0,31.418999999999993,0.0,0.0,8.0,0.0,0.0,1256.76
1362669,1,0,0,0.0,0.0,1.0,0.0,0.0,1853.0,0.0,0.0,46.08878787878788,0.0,0.0,10.0,0.0,0.0,1519.85
1362670,2,2,1,0.0,1.0,0.0,0.0,1951.0,0.0,0.0,-26.159898989898984,0.0,0.0,0.0,0.0,0.0,-2590.5499999999997,0.0
1362671,1,0,0,1.0,0.0,1.0,80.0,0.0,220.0,-47.22,0.0,-1.8064102564102562,2.0,0.0,8.0,1100.0,0.0,-70.44999999999999
1362672,1,0,0,1.0,1.0,0.0,140.0,14.0,0.0,-13.327647058823526,7.331641791044777,0.0,7.0,0.0,0.0,226.57,491.21999999999997,0.0
1362674,2,2,1,0.0,1.0,1.0,0.0,258.0,371.0,0.0,-22.980202020202018,-7.511875,0.0,1.0,9.0,0.0,-2275.04,-120.19
1362675,1,0,0,1.0,1.0,1.0,775.0,1312.0,570.0,-22.368,-18.21325581395349,3.5185714285714265,11.0,8.0,17.0,758.12,-783.8,73.88999999999999
1362677,1,0,0,0.0,1.0,0.0,0.0,690.0,0.0,0.0,2.7784848484848466,0.0,0.0,0.0,0.0,0.0,275.07000000000005,0.0
1362680,1,0,0,1.0,1.0,0.0,92.0,801.0,0.0,-43.09695652173912,6.19121212121212,0.0,2.0,1.0,0.0,1000.0,612.9300000000001,0.0
1362681,1,0,0,0.0,0.0,1.0,0.0,0.0,221.0,0.0,0.0,10.523684210526325,0.0,0.0,8.0,0.0,0.0,396.8399999999997
1362682,2,2,1,0.0,1.0,1.0,0.0,532.0,275.0,0.0,-56.59630769230769,0.29999999999999993,0.0,5.0,27.0,0.0,-3678.76,3.5999999999999943
1362683,1,0,0,1.0,0.0,0.0,1203.0,0.0,0.0,-16.324680851063825,0.0,0.0,2.0,0.0,0.0,2462.41,0.0,0.0
1362685,1,0,0,1.0,1.0,1.0,234.0,810.0,571.0,-28.0529268292683,0.672525252525257,56.0012,5.0,0.0,14.0,1208.1,66.57999999999998,1400.0300000000002
1362686,1,0,0,1.0,1.0,1.0,251.0,161.0,301.0,-5.1889473684210525,-3.276262626262625,0.6028000000000013,8.0,3.0,13.0,99.9,-324.35,15.069999999999993
1362687,1,0,0,1.0,1.0,1.0,246.0,2312.0,536.0,-12.358205128205128,0.5527272727272767,18.154999999999994,5.0,0.0,11.0,481.97,54.72,544.6500000000001
1362690,2,2,1,1.0,1.0,1.0,440.0,372.0,608.0,-22.83119047619049,-30.612929292929284,-8.217777777777778,8.0,0.0,14.0,1113.91,-3030.68,-147.92
1362693,2,2,1,1.0,1.0,1.0,190.0,283.0,329.0,-45.18095238095239,-19.579898989898982,-6.537500000000001,7.0,1.0,13.0,1000.0,-1938.41,-156.9
1362694,2,2,1,1.0,1.0,0.0,1458.0,142.0,0.0,-2.110166666666664,-39.38343434343435,0.0,6.0,2.0,0.0,204.06999999999994,-3899.6800000000003,0.0
1362697,2,2,1,0.0,1.0,1.0,0.0,122.0,535.0,0.0,-27.016666666666673,0.003333333333332575,0.0,3.0,16.0,0.0,-2674.65,-1.5499999999999545
1362698,2,2,1,1.0,1.0,1.0,765.0,898.0,189.0,0.7372093023255831,-62.09434343434343,63.66682926829269,8.0,0.0,1.0,347.1399999999999,-6147.34,2610.34
1362699,1,0,0,1.0,1.0,0.0,1323.0,225.0,0.0,-9.35666666666667,3.576161616161618,0.0,6.0,0.0,0.0,526.0600000000001,354.03999999999996,0.0
1362700,1,0,0,1.0,1.0,1.0,2147.0,218.0,678.0,9.25258064516129,65.33777777777777,0.39000000000000007,10.0,12.0,27.0,-262.38,1764.12,4.680000000000007
1362701,1,0,0,0.0,1.0,1.0,0.0,709.0,212.0,0.0,0.1525641025641052,61.5476923076923,0.0,9.0,12.0,0.0,5.950000000000017,1600.24
1362702,1,0,0,0.0,1.0,1.0,0.0,854.0,2116.0,0.0,1.1185858585858621,-22.87166666666667,0.0,0.0,11.0,0.0,110.74000000000001,-686.15
1362703,2,2,1,1.0,1.0,1.0,1604.0,470.0,1361.0,6.868070175438596,-35.77626262626262,0.006666666666667116,6.0,0.0,9.0,-290.04999999999995,-3541.85,-0.02999999999974534
1362705,2,2,1,1.0,1.0,1.0,334.0,319.0,30.0,-7.794528301886795,-34.353232323232334,37.31375000000001,5.0,1.0,10.0,413.11,-3400.9700000000003,1194.04
1362708,1,0,0,1.0,1.0,1.0,1454.0,880.0,1694.0,-16.518888888888895,0.4683838383838398,-29.63425,9.0,0.0,8.0,724.36,46.370000000000005,-1185.7300000000005
1362709,2,2,1,1.0,1.0,1.0,1022.0,1590.0,115.0,-4.110181818181817,-20.890303030303038,19.576249999999995,6.0,1.0,8.0,229.81,-2068.14,783.0500000000001
1362711,1,0,0,0.0,1.0,1.0,0.0,145.0,1390.0,0.0,2.010606060606058,-6.8418518518518505,0.0,0.0,12.0,0.0,199.04999999999998,-184.73
1362713,1,0,0,0.0,1.0,1.0,0.0,58.0,119.0,0.0,-11.489375,0.58,0.0,10.0,27.0,0.0,-367.66,6.9599999999999795
1362714,1,0,0,1.0,0.0,0.0,1883.0,0.0,0.0,-4.658833333333333,0.0,0.0,6.0,0.0,0.0,282.0,0.0,0.0
1362715,2,0,0,1.0,1.0,1.0,2242.0,2242.0,2242.0,-8.65709090909091,-23.47454545454546,3.6934782608695667,6.0,0.0,14.0,514.23,-2324.0699999999997,84.94999999999999
1362717,1,0,0,1.0,1.0,1.0,69.0,279.0,411.0,-43.45434782608695,-0.6439393939393933,0.23,2.0,2.0,27.0,1000.0,-63.75000000000003,2.759999999999991
1362718,1,0,0,1.0,1.0,1.0,380.0,275.0,368.0,163.7425,0.8716666666666667,4.718333333333334,28.0,27.0,27.0,-1849.53,10.459999999999923,56.62000000000012
1362720,1,0,0,1.0,1.0,1.0,147.0,48.0,805.0,-23.809523809523803,-8.660808080808085,21.122500000000002,3.0,0.0,8.0,1000.0,-857.4200000000001,843.9099999999999
1362721,1,0,0,1.0,0.0,1.0,76.0,0.0,647.0,-30.059393939393942,0.0,-4.411481481481481,1.0,0.0,12.0,1000.0,0.0,-119.11000000000001
1362722,2,2,1,1.0,1.0,1.0,347.0,164.0,63.0,-40.32828571428571,-55.764343434343424,0.3225,9.0,2.0,27.0,1469.22,-5520.67,3.8700000000000045
1362725,2,2,1,1.0,1.0,1.0,308.0,486.0,336.0,-46.3314634146341,-38.4509090909091,-54.90545454545451,7.0,0.0,15.0,1939.63,-3806.64,-1207.9199999999983
1362726,1,0,0,1.0,1.0,0.0,764.0,258.0,0.0,22.07295454545455,-1.6859595959595977,0.0,8.0,0.0,0.0,-917.5500000000001,-166.91,0.0
1362727,1,0,0,1.0,1.0,1.0,424.0,620.0,260.0,152.62384615384616,-5.6048484848484765,11.323333333333332,7.0,1.0,27.0,-3673.82,-554.8799999999999,135.88000000000102
1362729,1,0,0,0.0,0.0,1.0,0.0,0.0,985.0,0.0,0.0,0.14999999999999997,0.0,0.0,27.0,0.0,0.0,1.7999999999999972
1362730,1,0,0,1.0,1.0,0.0,122.0,693.0,0.0,-98.459,-2.076666666666667,0.0,3.0,0.0,0.0,3000.0,-205.5,0.0
1362734,1,0,0,0.0,1.0,1.0,0.0,701.0,739.0,0.0,-4.7975,0.5457142857142856,0.0,7.0,25.0,0.0,-19.189999999999998,3.819999999999993
1362735,2,2,1,1.0,1.0,1.0,11.0,141.0,107.0,-99.99999999999997,-27.452222222222222,5.69733333333333,0.0,2.0,11.0,3000.0,-2717.77,170.92000000000002
1362736,1,0,0,1.0,1.0,1.0,687.0,921.0,578.0,16.063529411764705,-15.056666666666668,2.7016666666666667,10.0,6.0,27.0,-534.01,-768.5200000000002,32.42000000000007
1362737,2,0,0,1.0,1.0,0.0,84.0,639.0,0.0,-95.65217391304346,-5.007575757575755,0.0,1.0,1.0,0.0,6600.0,-495.75,0.0
1362740,1,0,0,1.0,1.0,1.0,582.0,139.0,543.0,10.233529411764703,-8.768051948051964,0.15,6.0,1.0,25.0,-441.9499999999998,-675.1400000000001,1.0500000000000114
1362742,1,0,0,1.0,1.0,1.0,557.0,1492.0,1199.0,122.27999999999999,-2.9227586206896556,34.354761904761915,16.0,11.0,16.0,-2524.82,-84.76000000000022,720.8199999999999
1362743,1,0,0,1.0,1.0,1.0,84.0,265.0,322.0,-51.47310344827586,-7.876363636363627,28.36,1.0,1.0,13.0,3000.0,-779.76,680.0100000000002
1362744,1,0,0,1.0,1.0,1.0,2824.0,151.0,3074.0,-4.5344155844155845,-0.13414141414141115,34.075102040816326,4.0,1.0,7.0,353.78,-13.280000000000001,1669.68
1362746,1,0,0,1.0,1.0,1.0,1312.0,131.0,2.0,1.3998461538461535,-1.3779797979797979,20.722727272727276,5.0,0.0,10.0,-37.1099999999999,-136.42000000000002,683.8499999999999
1362749,2,0,0,1.0,1.0,1.0,1029.0,1029.0,923.0,-27.531489361702118,-17.070505050505055,-0.6937499999999988,7.0,0.0,15.0,1608.99,-1689.98,-11.099999999999994
1362752,1,0,0,1.0,1.0,1.0,175.0,723.0,315.0,160.44333333333333,-5.203548387096779,0.7558333333333332,6.0,3.0,27.0,-2302.14,-483.93,9.07000000000005
1362753,1,0,0,1.0,1.0,0.0,1093.0,309.0,0.0,-9.793695652173913,-1.750307692307693,0.0,7.0,4.0,0.0,795.54,-113.77,0.0
1362754,2,0,0,1.0,1.0,1.0,2181.0,2181.0,2181.0,4.700624999999999,-25.68222222222222,-2.843809523809522,20.0,3.0,15.0,-74.35,-2542.54,-59.72000000000003
1362758,2,2,1,0.0,1.0,0.0,0.0,424.0,0.0,0.0,-21.931212121212123,0.0,0.0,0.0,0.0,0.0,-2171.19,0.0
1362759,1,0,0,1.0,1.0,1.0,2048.0,949.0,1944.0,9.153818181818178,-4.3297979797979735,-3.384250000000003,6.0,0.0,8.0,-484.8699999999999,-428.65,-135.37
1362760,2,2,1,0.0,1.0,0.0,0.0,1438.0,0.0,0.0,-105.5250877192982,0.0,0.0,6.0,0.0,0.0,-6014.93,0.0
1362761,2,0,0,1.0,1.0,1.0,651.0,1093.0,644.0,114.26714285714287,-38.48681818181817,-11.866249999999999,25.0,5.0,13.0,-780.93,-2540.67,-284.87999999999994
1362763,1,0,0,1.0,1.0,0.0,194.0,192.0,0.0,-5.333333333333333,-3.718499999999996,0.0,6.0,4.0,0.0,160.0,-297.47999999999996,0.0
1362764,1,0,0,0.0,1.0,0.0,0.0,636.0,0.0,0.0,4.5521212121212145,0.0,0.0,2.0,0.0,0.0,450.65999999999997,0.0
1362765,2,0,0,1.0,1.0,1.0,1069.0,433.0,823.0,-1.1766197183098586,-18.131919191919195,48.4044,5.0,0.0,1.0,96.25999999999999,-1795.06,1210.11
1362766,0,2,0,1.0,1.0,1.0,1990.0,109.0,1859.0,119.80765957446809,-69.75909090909083,201.45345454545452,7.0,2.0,6.0,-4979.67,-6906.870000000001,11079.849999999999
1362767,1,0,0,1.0,1.0,1.0,263.0,1044.0,1016.0,-5.484782608695648,-0.42707070707070677,31.6026923076923,5.0,0.0,12.0,290.54,-42.28,821.6700000000001
1362768,1,0,0,0.0,1.0,0.0,0.0,220.0,0.0,0.0,-3.268333333333333,0.0,0.0,13.0,0.0,0.0,-83.0300000000002,0.0
1362769,1,0,0,1.0,0.0,0.0,240.0,0.0,0.0,-13.168809523809525,0.0,0.0,5.0,0.0,0.0,553.09,0.0,0.0
1362770,1,0,0,1.0,1.0,0.0,1036.0,464.0,0.0,81.99918367346937,-1.7131313131313153,0.0,6.0,0.0,0.0,-3625.16,-169.60000000000002,0.0
1362771,1,0,0,1.0,1.0,1.0,780.0,966.0,30.0,0.45545454545454234,-0.2037373737373747,53.66025,4.0,0.0,8.0,72.46000000000004,-20.169999999999987,2146.41
1362772,2,2,1,0.0,1.0,0.0,0.0,492.0,0.0,0.0,-41.58878787878787,0.0,0.0,0.0,0.0,0.0,-4117.29,0.0
1362775,1,0,0,1.0,0.0,0.0,1317.0,0.0,0.0,-3.610606060606058,0.0,0.0,10.0,0.0,0.0,163.19,0.0,0.0
1362776,2,2,1,0.0,1.0,0.0,0.0,349.0,0.0,0.0,-27.27666666666667,0.0,0.0,2.0,0.0,0.0,-2701.02,0.0
1362777,1,0,0,1.0,0.0,1.0,267.0,0.0,321.0,-13.641386861313865,0.0,-5.411636363636363,1.0,0.0,6.0,1868.87,0.0,-297.64000000000004
1362781,1,0,0,0.0,1.0,1.0,0.0,128.0,165.0,0.0,-1.6463736263736226,83.47681818181819,0.0,1.0,15.0,0.0,-150.45,1835.77
1362782,1,0,0,1.0,1.0,1.0,578.0,255.0,694.0,-17.549183673469386,-1.3155555555555591,5.584761904761906,7.0,1.0,15.0,919.24,-130.24,117.28
1362783,1,0,0,0.0,1.0,1.0,0.0,2519.0,3131.0,0.0,6.8777777777777755,18.377391304347828,0.0,0.0,14.0,0.0,680.9,422.68000000000006
1362784,2,2,1,1.0,1.0,0.0,1379.0,342.0,0.0,2.304782608695651,-64.18656565656565,0.0,7.0,1.0,0.0,208.96000000000004,-6355.01,0.0
1362785,1,0,0,0.0,0.0,1.0,0.0,0.0,920.0,0.0,0.0,-0.5363636363636298,0.0,0.0,15.0,0.0,0.0,-11.800000000000011
1362791,1,0,0,1.0,1.0,1.0,676.0,676.0,676.0,55.45185185185187,-18.149898989898993,8.349000000000004,6.0,0.0,8.0,-2958.31,-1796.8400000000001,333.96000000000004
1362793,2,2,1,1.0,1.0,1.0,1538.0,1266.0,447.0,12.864230769230765,-34.42464646464645,-21.599230769230772,13.0,2.0,12.0,-307.34999999999997,-3408.04,-561.76
1362796,1,0,0,0.0,1.0,1.0,0.0,2278.0,2542.0,0.0,0.31749999999999995,18.502727272727274,0.0,27.0,15.0,0.0,3.8100000000000023,406.52
1362797,1,0,0,1.0,0.0,0.0,600.0,0.0,0.0,1.1977272727272719,0.0,0.0,16.0,0.0,0.0,-11.069999999999993,0.0,0.0
1362801,1,0,0,1.0,1.0,0.0,672.0,62.0,0.0,16.597272727272724,-4.471910112359548,0.0,15.0,3.0,0.0,-348.57,-398.0,0.0
1362804,0,1,0,1.0,1.0,1.0,2975.0,2975.0,2975.0,167.46500000000003,-77.15505050505048,0.27428571428570825,7.0,1.0,17.0,-8269.56,-7638.35,5.220000000000027
1362805,1,0,0,1.0,1.0,1.0,3285.0,3285.0,3285.0,-0.24333333333333307,-2.46888888888889,2.7057499999999988,6.0,0.0,8.0,17.120000000000005,-244.42000000000002,108.05000000000001
1362806,1,0,0,1.0,1.0,1.0,400.0,770.0,22.0,-18.449710144927533,23.66434343434344,-28.641,5.0,0.0,8.0,1327.18,2342.77,-1145.64
1362808,2,2,1,1.0,1.0,0.0,9.0,430.0,0.0,-123.07692307692308,-23.753333333333323,0.0,0.0,0.0,0.0,1600.0,-2351.58,0.0
1362809,2,0,0,1.0,1.0,1.0,2526.0,2526.0,2526.0,422.78666666666663,-20.59727272727273,0.3399999999999999,25.0,3.0,27.0,-2481.47,-2039.1299999999999,4.079999999999984
1362810,2,0,0,1.0,1.0,1.0,737.0,737.0,737.0,46.02479166666662,-29.09524390243903,22.844583333333343,7.0,4.0,14.0,-2152.3300000000004,-2385.9900000000002,547.91
1362811,2,2,1,1.0,1.0,0.0,638.0,321.0,0.0,-12.625072463768117,-23.446060606060605,0.0,5.0,0.0,0.0,890.77,-2321.16,0.0
1362814,1,0,0,1.0,1.0,0.0,148.0,298.0,0.0,-50.61263157894737,3.39919191919192,0.0,6.0,0.0,0.0,1000.0,336.52,0.0
1362815,2,2,1,1.0,1.0,1.0,66.0,668.0,49.0,-49.894000000000005,-19.812929292929294,-9.43653846153846,2.0,0.0,12.0,1000.0,-1961.6600000000003,-245.35000000000002
1362816,2,2,1,1.0,1.0,0.0,1575.0,92.0,0.0,-16.125377358490567,-41.9529292929293,0.0,3.0,2.0,0.0,1817.48,-4153.34,0.0
1362817,1,0,0,1.0,1.0,1.0,3246.0,409.0,1740.0,-18.520000000000003,0.014141414141412763,20.372333333333337,9.0,2.0,11.0,793.34,1.4000000000000057,611.17
1362820,0,1,0,1.0,1.0,0.0,1127.0,2062.0,0.0,9.128909090909108,-140.26898989898993,0.0,6.0,0.0,0.0,220.34000000000015,-13886.910000000002,0.0
1362821,1,0,0,1.0,1.0,0.0,433.0,237.0,0.0,142.07,-31.256226415094346,0.0,25.0,6.0,0.0,-967.86,-1657.5700000000002,0.0
1362822,2,2,1,1.0,1.0,1.0,44.0,470.0,414.0,-33.333333333333336,-19.794848484848487,6.712962962962961,1.0,0.0,6.0,1000.0,-1959.6899999999996,362.49999999999994
1362823,1,0,0,1.0,1.0,1.0,2136.0,619.0,1302.0,146.27133333333333,-9.784523809523808,3.0509523809523764,7.0,8.0,15.0,-2096.1,-410.95,63.70999999999998
1362824,1,0,0,1.0,1.0,0.0,830.0,987.0,0.0,208.18666666666664,-8.684747474747475,0.0,7.0,0.0,0.0,-9633.49,-859.79,0.0
1362825,2,2,1,1.0,1.0,1.0,1220.0,987.0,593.0,3.679090909090911,-24.855151515151523,-3.4569444444444444,10.0,1.0,10.0,31.779999999999973,-2461.29,-124.44999999999999
1362826,1,0,0,0.0,0.0,1.0,0.0,0.0,70.0,0.0,0.0,11.937916666666665,0.0,0.0,13.0,0.0,0.0,286.51
1362827,2,2,1,0.0,1.0,1.0,0.0,602.0,1062.0,0.0,-25.780202020202022,-4.619818181818186,0.0,0.0,6.0,0.0,-2552.24,-254.63
1362828,1,0,0,1.0,0.0,0.0,2828.0,0.0,0.0,-23.070000000000004,0.0,0.0,11.0,0.0,0.0,815.65,0.0,0.0
1362829,1,0,0,1.0,1.0,1.0,306.0,864.0,20.0,-49.43289473684212,18.968484848484845,59.37580645161291,7.0,1.0,10.0,2033.41,1877.8799999999997,1840.6499999999999
1362830,1,0,0,1.0,1.0,1.0,686.0,1159.0,1448.0,16.854324324324317,4.183636363636368,-10.110000000000001,9.0,0.0,18.0,-552.1999999999999,414.18,-202.2
1362831,2,2,1,1.0,1.0,0.0,957.0,106.0,0.0,3.5403030303030283,-107.69684210526317,0.0,10.0,2.0,0.0,718.8699999999999,-2046.24,0.0
1362832,2,0,0,1.0,1.0,0.0,44.0,82.0,0.0,-293.1034482758621,-7.929595959595954,0.0,1.0,2.0,0.0,8500.0,-789.3499999999999,0.0
1362835,1,0,0,1.0,1.0,1.0,2779.0,101.0,2467.0,8.35904761904762,3.3609090909090913,2.5549999999999997,16.0,5.0,27.0,-158.41,36.97,30.660000000000082
1362836,1,0,0,1.0,1.0,1.0,1384.0,2021.0,1503.0,-19.86365853658538,-2.1464646464646475,17.14288888888889,8.0,0.0,6.0,944.1,-212.5,771.4300000000001
1362837,2,2,1,1.0,1.0,1.0,189.0,99.0,202.0,-67.435,-22.901313131313128,15.06320000000001,10.0,3.0,13.0,1100.0,-2267.86,375.86
1362838,1,0,0,0.0,0.0,1.0,0.0,0.0,379.0,0.0,0.0,15.299374999999996,0.0,0.0,7.0,0.0,0.0,734.3700000000001
1362839,0,1,0,1.0,1.0,1.0,1309.0,1309.0,1309.0,0.6707291666666789,-89.42060606060608,-20.09354166666667,3.0,0.0,7.0,142.73999999999978,-8852.640000000001,-966.2899999999995
1362843,1,0,0,0.0,1.0,1.0,0.0,624.0,3439.0,0.0,1.6020202020202075,-2.380000000000004,0.0,0.0,14.0,0.0,158.60000000000036,-57.390000000000015
1362844,1,0,0,1.0,1.0,1.0,998.0,451.0,502.0,-1.5791666666666722,-9.27474747474748,37.518333333333324,5.0,1.0,9.0,163.64,-918.1999999999999,1350.66
1362845,1,0,0,1.0,0.0,0.0,715.0,0.0,0.0,103.78459459459458,0.0,0.0,9.0,0.0,0.0,-3671.23,0.0,0.0
1362848,1,0,0,0.0,0.0,1.0,0.0,0.0,1973.0,0.0,0.0,-17.501249999999995,0.0,0.0,13.0,0.0,0.0,-420.75
1362849,1,0,0,1.0,1.0,0.0,587.0,1541.0,0.0,7.520000000000003,-1.7159595959595946,0.0,4.0,0.0,0.0,-541.5899999999999,-169.88000000000002,0.0
1362850,1,2,0,1.0,1.0,1.0,1628.0,63.0,1617.0,10.923333333333332,-28.899807692307693,0.14999999999999997,16.0,6.0,27.0,-207.21,-1503.42,1.7999999999999972
1362851,2,2,1,0.0,1.0,0.0,0.0,494.0,0.0,0.0,-64.88838383838386,0.0,0.0,2.0,0.0,0.0,-6423.95,0.0
1362852,2,2,1,1.0,1.0,0.0,795.0,347.0,0.0,7.330800000000003,-35.923434343434366,0.0,13.0,1.0,0.0,76.72000000000003,-3557.14,0.0
1362853,2,2,1,1.0,1.0,1.0,111.0,110.0,205.0,-42.0452,-17.911010101010092,5.105714285714287,4.0,2.0,15.0,1073.95,-1773.19,106.59000000000003
1362855,1,0,0,0.0,1.0,1.0,0.0,486.0,286.0,0.0,8.773434343434346,-0.21516129032258033,0.0,2.0,10.0,0.0,868.5699999999999,-6.670000000000016
1362857,1,0,0,1.0,1.0,1.0,680.0,539.0,1807.0,-5.381785714285711,-0.9487878787878788,-19.282083333333336,6.0,0.0,14.0,343.89,-93.93,-462.77
1362858,1,0,0,1.0,1.0,1.0,361.0,200.0,381.0,-8.532530120481912,-1.9217171717171688,-24.1625,4.0,1.0,8.0,708.2,-190.25,-968.57
1362860,1,0,0,0.0,0.0,1.0,0.0,0.0,602.0,0.0,0.0,-3.3807500000000017,0.0,0.0,9.0,0.0,0.0,-135.23000000000002
1362864,1,0,0,0.0,1.0,1.0,0.0,225.0,300.0,0.0,5.116825396825396,0.22000000000000006,0.0,3.0,27.0,0.0,322.36,2.640000000000015
1362868,1,0,0,1.0,1.0,0.0,465.0,1050.0,0.0,-4.950576923076932,3.471717171717169,0.0,6.0,2.0,0.0,308.16999999999996,343.60999999999996,0.0
1362872,1,0,0,1.0,0.0,0.0,1350.0,0.0,0.0,-9.44161764705882,0.0,0.0,5.0,0.0,0.0,707.5899999999999,0.0,0.0
1362875,1,0,0,1.0,1.0,1.0,2502.0,2133.0,908.0,5.022105263157893,10.382828282828283,15.273809523809529,9.0,1.0,16.0,189.09000000000015,1027.09,320.75
1362877,1,0,0,1.0,1.0,1.0,1021.0,1021.0,1021.0,-0.34404761904761877,5.1716161616161616,9.62757575757576,8.0,1.0,11.0,15.36,511.99,317.71000000000004
1362879,1,0,0,0.0,0.0,1.0,0.0,0.0,197.0,0.0,0.0,24.160909090909094,0.0,0.0,15.0,0.0,0.0,530.28
1362880,1,0,0,0.0,0.0,1.0,0.0,0.0,1156.0,0.0,0.0,6.257254901960785,0.0,0.0,7.0,0.0,0.0,319.11999999999995
1362881,1,0,0,1.0,1.0,1.0,1584.0,1267.0,112.0,0.8001388888888865,-3.5465656565656554,-10.021666666666667,5.0,1.0,13.0,-50.69999999999999,-351.11,-240.51999999999998
1362882,1,0,0,1.0,1.0,0.0,998.0,1780.0,0.0,176.5466666666667,-3.420879120879128,0.0,27.0,3.0,0.0,-2025.4,-311.3,0.0
1362883,1,0,0,1.0,0.0,1.0,162.0,0.0,697.0,-16.451551724137932,0.0,-21.251153846153848,2.0,0.0,13.0,983.06,0.0,-552.53
1362887,1,0,0,0.0,1.0,1.0,0.0,1015.0,1345.0,0.0,10.525454545454544,152.95958333333337,0.0,0.0,0.0,0.0,1042.0199999999998,3671.03
1362888,1,0,0,1.0,1.0,0.0,729.0,362.0,0.0,49.368165137614675,7.029191919191911,0.0,3.0,0.0,0.0,-4939.79,695.8900000000003,0.0
1362891,1,0,0,0.0,0.0,1.0,0.0,0.0,1886.0,0.0,0.0,44.373636363636365,0.0,0.0,15.0,0.0,0.0,975.9499999999999
1362893,1,0,0,0.0,0.0,1.0,0.0,0.0,151.0,0.0,0.0,31.175454545454553,0.0,0.0,15.0,0.0,0.0,685.8599999999999
1362894,1,0,0,1.0,0.0,1.0,308.0,0.0,2158.0,-9.360294117647058,0.0,-59.035000000000004,0.0,0.0,13.0,339.3800000000001,0.0,-1652.98
1362895,1,0,0,1.0,0.0,1.0,90.0,0.0,188.0,-47.680370370370376,0.0,-2.6325000000000007,2.0,0.0,11.0,1300.0,0.0,-73.71000000000001
1362896,2,2,1,0.0,1.0,0.0,0.0,951.0,0.0,0.0,-54.72010101010102,0.0,0.0,1.0,0.0,0.0,-5417.29,0.0
1362897,1,0,0,0.0,1.0,0.0,0.0,153.0,0.0,0.0,-1.0079797979797998,0.0,0.0,0.0,0.0,0.0,-99.79,0.0
1362898,1,0,0,0.0,1.0,0.0,0.0,56.0,0.0,0.0,-1.3909090909090873,0.0,0.0,3.0,0.0,0.0,-137.70000000000002,0.0
1362899,1,0,0,0.0,0.0,1.0,0.0,0.0,976.0,0.0,0.0,4.486666666666666,0.0,0.0,27.0,0.0,0.0,53.83999999999992
1362902,1,0,0,1.0,1.0,1.0,1877.0,1877.0,1877.0,-1.039850746268659,-0.048383838383832437,52.705769230769235,5.0,1.0,13.0,73.52000000000004,-4.790000000000006,1369.81
1362903,1,0,0,1.0,0.0,1.0,1112.0,0.0,91.0,8.893939393939394,0.0,14.900769230769232,10.0,0.0,12.0,-59.940000000000055,0.0,387.4200000000001
1362904,1,0,0,1.0,1.0,1.0,1931.0,3206.0,1294.0,17.53625,1.7743434343434334,0.25,7.0,3.0,27.0,-766.0,175.65999999999997,3.0
1362905,2,2,1,1.0,1.0,1.0,1947.0,60.0,1677.0,-2.4534999999999973,-27.28737373737373,7.270869565217393,17.0,3.0,14.0,178.54999999999995,-2701.4500000000003,166.69000000000005
1362909,1,0,0,1.0,0.0,1.0,444.0,0.0,946.0,345.9941666666667,0.0,1.4249999999999998,27.0,0.0,27.0,-3946.1299999999997,0.0,17.100000000000136
1362911,1,0,0,1.0,1.0,0.0,1311.0,1315.0,0.0,29.557843137254903,-1.842626262626263,0.0,6.0,0.0,0.0,-1261.22,-182.42,0.0
1362912,1,0,0,1.0,1.0,0.0,1144.0,659.0,0.0,0.6577777777777788,-1.6271717171717155,0.0,9.0,0.0,0.0,200.99,-161.45000000000002,0.0
1362917,2,0,0,1.0,1.0,0.0,19.0,2539.0,0.0,-261.53846153846155,-4.062929292929289,0.0,0.0,1.0,0.0,6800.0,-402.23,0.0
1362918,1,0,0,1.0,1.0,1.0,716.0,595.0,123.0,-12.707142857142866,-1.3662626262626278,-1.99875,8.0,0.0,13.0,654.5,-135.26,-47.97000000000003
1362919,1,0,0,0.0,0.0,1.0,0.0,0.0,61.0,0.0,0.0,0.395,0.0,0.0,27.0,0.0,0.0,4.740000000000009
1362920,1,2,0,0.0,1.0,1.0,0.0,325.0,58.0,0.0,-33.008139534883725,1.8208333333333335,0.0,7.0,27.0,0.0,-1420.0700000000002,21.850000000000023
1362921,1,0,0,1.0,1.0,0.0,588.0,1295.0,0.0,107.79523809523809,-3.855652173913043,0.0,16.0,5.0,0.0,-2191.52,-266.04,0.0
1362924,2,2,1,1.0,1.0,1.0,126.0,1227.0,664.0,-41.5725,-32.422250000000005,13.135,4.0,4.0,27.0,1000.0,-2593.78,156.09000000000015
1362925,1,0,0,1.0,0.0,1.0,986.0,0.0,1023.0,-6.107708333333332,0.0,32.7686111111111,7.0,0.0,10.0,337.34999999999997,0.0,1178.1399999999999
1362926,2,2,1,1.0,1.0,1.0,487.0,539.0,1885.0,0.22395833333332918,-42.544646464646455,35.45354838709678,7.0,2.0,11.0,53.27999999999997,-4212.639999999999,1099.06
1362928,1,0,0,1.0,1.0,0.0,517.0,351.0,0.0,4.578499999999999,-1.3367676767676797,0.0,4.0,0.0,0.0,-352.90999999999997,-132.33999999999997,0.0
1362929,2,0,0,1.0,1.0,1.0,185.0,3280.0,238.0,-112.02694444444441,-10.07030303030303,9.289696969696964,4.0,2.0,10.0,4200.0,-996.96,306.55999999999995
1362930,1,0,0,1.0,0.0,1.0,887.0,0.0,887.0,343.1766666666667,0.0,27.091818181818187,20.0,0.0,16.0,-1013.46,0.0,596.02
1362931,2,2,1,0.0,1.0,0.0,0.0,830.0,0.0,0.0,-49.27646464646465,0.0,0.0,0.0,0.0,0.0,-4878.370000000001,0.0
1362932,1,0,0,0.0,1.0,1.0,0.0,623.0,671.0,0.0,1.1745454545454577,-5.514749999999998,0.0,0.0,8.0,0.0,116.27999999999997,-220.67999999999995
1362933,1,0,0,1.0,1.0,1.0,2159.0,1548.0,212.0,-1.0648780487804874,0.9696969696969693,-11.975714285714284,8.0,1.0,15.0,131.81000000000006,96.0,-251.49
1362936,1,0,0,1.0,1.0,1.0,341.0,424.0,320.0,-9.921304347826089,-0.6506060606060605,1.891199999999999,13.0,3.0,13.0,244.47,-64.41,45.57000000000005
1362937,1,0,0,1.0,1.0,0.0,476.0,873.0,0.0,47.52050000000001,1.2738383838383833,0.0,7.0,0.0,0.0,-1671.88,126.11000000000001,0.0
1362938,2,0,0,1.0,1.0,0.0,556.0,296.0,0.0,15.855312500000004,-22.820000000000007,0.0,5.0,1.0,0.0,-965.3399999999999,-2259.81,0.0
1362939,1,0,0,1.0,1.0,1.0,717.0,170.0,1078.0,69.22391304347825,10.264646464646468,-11.555500000000002,5.0,1.0,8.0,-4712.92,1016.2,-463.29999999999995
1362940,1,0,0,1.0,0.0,1.0,635.0,0.0,831.0,1.4990909090909112,0.0,23.6073076923077,16.0,0.0,12.0,-31.950000000000003,0.0,613.1600000000001
1362941,1,0,0,0.0,1.0,1.0,0.0,2333.0,1645.0,0.0,-3.211010101010101,26.962592592592593,0.0,0.0,1.0,0.0,-318.52,727.99
1362945,1,0,0,1.0,1.0,1.0,1317.0,1409.0,1387.0,-4.49825,1.721919191919187,61.81750000000001,8.0,2.0,8.0,216.76999999999998,170.47,1236.3500000000001
1362947,1,0,0,1.0,0.0,0.0,66.0,0.0,0.0,-82.69249999999998,0.0,0.0,4.0,0.0,0.0,1000.0,0.0,0.0
1362948,2,2,1,1.0,1.0,0.0,3054.0,462.0,0.0,13.785531914893612,-31.85868686868687,0.0,7.0,1.0,0.0,-580.05,-3154.01,0.0
1362949,2,2,1,1.0,1.0,1.0,516.0,516.0,516.0,-15.751111111111104,-26.902222222222218,7.544736842105264,7.0,2.0,8.0,1017.26,-2662.69,286.61
1362950,1,0,0,1.0,1.0,1.0,205.0,319.0,11.0,-10.688000000000004,-0.75,42.23619047619048,11.0,0.0,15.0,162.95,-0.75,886.96
1362952,1,0,0,1.0,1.0,1.0,576.0,543.0,1160.0,53.67477272727274,-9.171076923076926,0.29,8.0,5.0,19.0,-2256.03,-596.1199999999999,0.8700000000000045
1362954,2,2,1,1.0,1.0,0.0,265.0,16.0,0.0,-27.86636363636364,-52.55050505050508,0.0,5.0,3.0,0.0,1226.12,-5202.5,0.0
1362955,1,0,0,0.0,0.0,1.0,0.0,0.0,166.0,0.0,0.0,16.05137931034483,0.0,0.0,11.0,0.0,0.0,465.49
1362959,1,0,0,1.0,1.0,0.0,2315.0,1299.0,0.0,96.23947368421052,37.137474747474755,0.0,8.0,0.0,0.0,-3074.22,3676.6099999999997,0.0
1362960,1,0,0,1.0,0.0,1.0,3448.0,0.0,3448.0,-40.24874999999999,0.0,1.5187878787878795,9.0,0.0,10.0,2648.63,0.0,50.1200000000008
1362961,2,2,1,1.0,1.0,0.0,532.0,276.0,0.0,-9.458909090909088,-21.497474747474737,0.0,6.0,0.0,0.0,526.9,-2128.25,0.0
1362962,1,0,0,1.0,1.0,0.0,765.0,1113.0,0.0,-8.059428571428567,0.03353535353535368,0.0,5.0,0.0,0.0,564.79,3.319999999999993,0.0
1362963,1,0,0,0.0,1.0,0.0,0.0,1500.0,0.0,0.0,-2.0033333333333316,0.0,0.0,0.0,0.0,0.0,-198.33,0.0
1362964,2,0,0,1.0,1.0,1.0,288.0,1545.0,2962.0,-28.804062500000008,-15.659797979797979,0.15,8.0,3.0,25.0,1000.0,-1551.94,0.9000000000000057
1362966,2,0,0,1.0,1.0,1.0,455.0,725.0,806.0,21.49103896103893,-22.58484848484849,-2.0144000000000006,4.0,0.0,13.0,-1514.3000000000002,-2235.8999999999996,-50.360000000000014
1362967,1,0,0,0.0,1.0,0.0,0.0,1199.0,0.0,0.0,1.0209090909090923,0.0,0.0,0.0,0.0,0.0,101.07000000000002,0.0
1362968,1,0,0,0.0,1.0,1.0,0.0,1963.0,489.0,0.0,0.0633333333333355,-11.2908,0.0,0.0,13.0,0.0,6.27000000000001,-285.23999999999995
1362969,1,0,0,1.0,0.0,1.0,1235.0,0.0,1387.0,-18.84816326530612,0.0,98.52604166666664,7.0,0.0,7.0,1241.5100000000002,0.0,4729.25
1362970,1,0,0,0.0,1.0,1.0,0.0,356.0,177.0,0.0,2.9410204081632645,0.3441666666666667,0.0,7.0,27.0,0.0,144.11000000000007,4.1299999999999955
1362971,2,2,1,1.0,1.0,0.0,298.0,117.0,0.0,-48.39233333333333,-32.126060606060605,0.0,9.0,2.0,0.0,1600.0,-3180.48,0.0
1362972,1,0,0,1.0,0.0,1.0,556.0,0.0,1403.0,56.59708333333333,0.0,7.792083333333331,14.0,0.0,13.0,-1125.92,0.0,187.01000000000005
1362973,2,2,1,1.0,1.0,1.0,334.0,334.0,334.0,-14.47204081632653,-19.244646464646454,11.8552,6.0,0.0,13.0,734.81,-1905.22,296.3800000000001
1362974,1,0,0,1.0,1.0,0.0,639.0,185.0,0.0,21.456923076923086,10.18767857142858,0.0,12.0,5.0,0.0,-530.33,570.51,0.0
1362975,1,0,0,1.0,1.0,0.0,2530.0,430.0,0.0,2.68483870967742,0.26457446808510304,0.0,11.0,0.0,0.0,-30.600000000000023,24.870000000000005,0.0
1362976,1,0,0,0.0,0.0,1.0,0.0,0.0,3346.0,0.0,0.0,-2.248620689655171,0.0,0.0,12.0,0.0,0.0,-65.20999999999998
1362978,0,2,0,1.0,1.0,1.0,567.0,567.0,567.0,6.818482142857144,-68.24818181818182,-5.2312499999999975,3.0,0.0,9.0,-730.8400000000001,-6756.570000000001,-209.25
1362979,1,0,0,0.0,1.0,0.0,0.0,1853.0,0.0,0.0,0.382525252525252,0.0,0.0,0.0,0.0,0.0,37.870000000000005,0.0
1362980,2,2,1,1.0,1.0,1.0,1199.0,905.0,9.0,-7.470370370370365,-26.87525252525253,1.9579999999999973,6.0,0.0,8.0,404.92,-2660.65,78.32
1362981,1,0,0,0.0,1.0,0.0,0.0,119.0,0.0,0.0,0.8244444444444451,0.0,0.0,0.0,0.0,0.0,81.61999999999998,0.0
1362982,1,0,0,0.0,0.0,1.0,0.0,0.0,2239.0,0.0,0.0,28.671250000000008,0.0,0.0,8.0,0.0,0.0,1145.8600000000001
1362985,1,0,0,1.0,1.0,1.0,240.0,53.0,344.0,-16.949152542372882,-10.113232323232324,32.707777777777785,3.0,0.0,9.0,1000.0,-1001.21,1176.94
1362986,1,2,0,1.0,1.0,1.0,303.0,53.0,202.0,-91.31142857142856,-32.775555555555556,-30.26333333333334,13.0,9.0,13.0,1932.1,-1179.92,-727.04
1362990,2,2,1,1.0,1.0,1.0,669.0,365.0,669.0,-7.685384615384614,-22.214747474747472,20.258936170212767,4.0,0.0,7.0,667.98,-2199.2599999999998,952.17
1362991,1,0,0,1.0,1.0,1.0,2594.0,944.0,1477.0,-10.33234375,-1.0094949494949492,8.96875,5.0,1.0,15.0,700.6099999999999,-99.94,215.16
1362992,1,0,0,0.0,1.0,0.0,0.0,213.0,0.0,0.0,-2.690707070707072,0.0,0.0,1.0,0.0,0.0,-266.38,0.0
1362993,1,0,0,0.0,1.0,1.0,0.0,220.0,301.0,0.0,4.8823232323232375,7.5794736842105275,0.0,1.0,8.0,0.0,483.3499999999999,288.02
1362995,1,0,0,1.0,1.0,1.0,659.0,101.0,2327.0,45.94348837209303,16.41848484848484,49.115882352941185,8.0,0.0,7.0,-1638.8999999999999,1625.4299999999998,2504.91
1362997,1,0,0,1.0,1.0,1.0,441.0,764.0,234.0,9.554722222222223,-0.11075757575757701,0.25,9.0,5.0,27.0,-333.36,-7.310000000000002,3.0
1362998,1,0,0,0.0,1.0,0.0,0.0,1052.0,0.0,0.0,-5.164912280701753,0.0,0.0,5.0,0.0,0.0,-294.4,0.0
1362999,2,2,1,1.0,1.0,0.0,875.0,943.0,0.0,13.53345238095238,-41.26909090909092,0.0,4.0,1.0,0.0,-984.73,-4085.64,0.0
1363002,1,0,0,1.0,1.0,0.0,754.0,1575.0,0.0,-3.835354838709675,7.542727272727273,0.0,2.0,0.0,0.0,857.25,746.73,0.0
1363003,1,0,0,0.0,1.0,0.0,0.0,1964.0,0.0,0.0,0.24272727272727337,0.0,0.0,0.0,0.0,0.0,24.03,0.0
1363004,1,0,0,1.0,1.0,1.0,991.0,1198.0,928.0,-12.663243243243244,6.158035714285718,0.21,9.0,6.0,27.0,469.05,344.76,2.5200000000000102
1363006,2,2,1,1.0,1.0,1.0,167.0,271.0,407.0,-57.763928571428565,-18.81595959595959,0.3041666666666667,5.0,3.0,27.0,1628.72,-1862.7800000000002,3.6500000000000057
1363008,2,2,1,1.0,1.0,1.0,2592.0,2351.0,1098.0,63.18129032258065,-59.650975609756074,23.0325,8.0,4.0,27.0,-1890.34,-4891.38,275.7600000000002
1363009,2,2,1,0.0,1.0,0.0,0.0,267.0,0.0,0.0,-76.42444444444445,0.0,0.0,7.0,0.0,0.0,-3439.1000000000004,0.0
1363010,1,0,0,1.0,1.0,1.0,1209.0,1209.0,1209.0,-13.364090909090907,14.389494949494944,29.878181818181826,8.0,1.0,16.0,619.39,1424.5600000000002,657.05
1363011,0,1,0,1.0,1.0,1.0,2102.0,2157.0,1899.0,66.73339285714287,-112.2738383838384,-2.136666666666661,6.0,1.0,9.0,-3468.29,-11115.11,-83.33000000000015
1363012,1,0,0,0.0,1.0,1.0,0.0,963.0,238.0,0.0,-11.212424242424246,0.5974999999999998,0.0,2.0,27.0,0.0,-1110.03,7.169999999999959
1363013,1,0,0,1.0,1.0,0.0,432.0,223.0,0.0,-0.8409890109890122,-2.6977777777777763,0.0,3.0,1.0,0.0,155.89999999999998,-267.08,0.0
1363014,1,0,0,0.0,0.0,1.0,0.0,0.0,175.0,0.0,0.0,0.2191666666666667,0.0,0.0,27.0,0.0,0.0,2.630000000000024
1363015,1,0,0,0.0,1.0,1.0,0.0,316.0,50.0,0.0,-0.7120202020202021,0.48000000000000015,0.0,2.0,27.0,0.0,-70.48999999999998,5.760000000000048
1363016,1,0,0,1.0,0.0,0.0,1572.0,0.0,0.0,1.2414492753623259,0.0,0.0,5.0,0.0,0.0,4.0,0.0,0.0
1363017,2,2,1,1.0,1.0,1.0,327.0,653.0,552.0,-15.176190476190481,-25.73494949494951,37.09708333333332,5.0,0.0,11.0,1000.0,-2547.7599999999998,890.3299999999999
1363018,1,0,0,1.0,1.0,1.0,674.0,286.0,430.0,-11.715185185185193,11.883131313131313,-50.10812500000001,6.0,0.0,7.0,890.5799999999999,1176.4299999999998,-2406.2700000000004
1363022,1,0,0,1.0,1.0,1.0,334.0,507.0,350.0,-16.602058823529408,58.172000000000004,0.16999999999999996,8.0,21.0,27.0,604.65,872.5799999999999,2.039999999999992
1363025,1,0,0,0.0,0.0,1.0,0.0,0.0,1647.0,0.0,0.0,93.29692307692305,0.0,0.0,2.0,0.0,0.0,2425.7200000000003
1363026,1,0,0,1.0,1.0,0.0,1668.0,651.0,0.0,-12.961129032258066,19.86555555555556,0.0,5.0,0.0,0.0,1078.18,1966.6899999999998,0.0
1363029,1,0,0,0.0,0.0,1.0,0.0,0.0,2237.0,0.0,0.0,2.5283333333333315,0.0,0.0,14.0,0.0,0.0,60.68000000000001
1363031,1,0,0,0.0,1.0,0.0,0.0,1916.0,0.0,0.0,13.231919191919197,0.0,0.0,0.0,0.0,0.0,1309.96,0.0
1363035,1,0,0,0.0,1.0,1.0,0.0,113.0,353.0,0.0,0.9667676767676759,1.8616666666666666,0.0,0.0,27.0,0.0,95.71000000000001,22.340000000000032
1363036,2,2,1,1.0,1.0,0.0,270.0,169.0,0.0,-23.211400000000005,-32.93484848484848,0.0,5.0,2.0,0.0,1200.0,-3260.5499999999997,0.0
1363037,2,2,1,1.0,1.0,1.0,50.0,1142.0,1370.0,-99.99999999999999,-24.226262626262628,69.78040000000001,2.0,0.0,14.0,1000.0,-2398.4,1744.51
1363038,1,0,0,1.0,1.0,1.0,148.0,156.0,315.0,-72.55291666666666,-0.5941414141414113,5.300303030303028,5.0,1.0,10.0,1800.0,-58.82000000000005,174.73000000000002
1363040,1,0,0,1.0,0.0,1.0,213.0,0.0,247.0,-100.9361111111111,0.0,-16.224230769230765,9.0,0.0,12.0,1900.0,0.0,-421.83000000000004
1363043,2,2,1,1.0,1.0,1.0,454.0,532.0,366.0,-7.006212121212124,-37.544343434343425,23.795,5.0,0.0,9.0,528.78,-3716.8900000000003,856.6200000000001
1363044,1,0,0,1.0,0.0,0.0,2023.0,0.0,0.0,-7.886382978723402,0.0,0.0,7.0,0.0,0.0,372.78000000000003,0.0,0.0
1363046,2,2,1,0.0,1.0,1.0,0.0,638.0,234.0,0.0,-36.22939393939395,17.01476190476191,0.0,1.0,15.0,0.0,-3587.5199999999995,357.30999999999995
1363047,1,0,0,0.0,0.0,1.0,0.0,0.0,1109.0,0.0,0.0,15.305555555555555,0.0,0.0,11.0,0.0,0.0,275.5
1363048,1,0,0,0.0,1.0,0.0,0.0,103.0,0.0,0.0,-1.298686868686862,0.0,0.0,0.0,0.0,0.0,-128.57,0.0
1363053,1,0,0,1.0,0.0,0.0,306.0,0.0,0.0,-51.005,0.0,0.0,14.0,0.0,0.0,918.09,0.0,0.0
1363054,2,2,1,1.0,1.0,0.0,389.0,1364.0,0.0,0.0664912280701778,-27.152323232323223,0.0,6.0,1.0,0.0,41.59999999999991,-2688.08,0.0
1363056,1,0,0,1.0,0.0,0.0,707.0,0.0,0.0,-15.108235294117648,0.0,0.0,10.0,0.0,0.0,517.9499999999999,0.0,0.0
1363057,1,0,0,1.0,0.0,1.0,1454.0,0.0,1233.0,2.7844444444444503,0.0,-29.850645161290323,6.0,0.0,11.0,-71.96000000000004,0.0,-926.6299999999999
1363058,2,2,1,0.0,1.0,0.0,0.0,2622.0,0.0,0.0,-26.50141414141413,0.0,0.0,0.0,0.0,0.0,-2623.64,0.0
1363059,2,2,1,1.0,1.0,0.0,263.0,346.0,0.0,-37.12666666666668,-34.79242424242425,0.0,7.0,2.0,0.0,1200.0,-3444.4500000000003,0.0
1363060,2,2,1,1.0,1.0,1.0,809.0,1674.0,1885.0,2.1378571428571456,-64.6449494949495,36.4709523809524,12.0,1.0,16.0,294.27999999999975,-6399.849999999999,765.8900000000001
1363064,1,0,0,0.0,0.0,1.0,0.0,0.0,206.0,0.0,0.0,27.564374999999995,0.0,0.0,10.0,0.0,0.0,882.06
1363066,1,0,0,0.0,1.0,0.0,0.0,379.0,0.0,0.0,-4.273999999999999,0.0,0.0,0.0,0.0,0.0,-299.18,0.0
1363067,1,0,0,0.0,1.0,1.0,0.0,462.0,767.0,0.0,-2.405858585858585,0.35999999999999993,0.0,2.0,27.0,0.0,-238.18,4.319999999999993
1363068,1,0,0,1.0,0.0,0.0,1443.0,0.0,0.0,51.88173913043478,0.0,0.0,6.0,0.0,0.0,-2123.15,0.0,0.0
1363070,1,0,0,1.0,1.0,1.0,549.0,487.0,85.0,-9.115499999999997,5.0378947368421025,2.600833333333333,8.0,17.0,27.0,383.64000000000004,95.72000000000003,24.909999999999968
1363071,2,2,1,1.0,1.0,1.0,251.0,707.0,329.0,-5.947272727272727,-24.56040404040404,-40.12148148148148,5.0,2.0,6.0,298.42,-2431.48,-1083.2800000000002
1363073,2,2,1,0.0,1.0,0.0,0.0,2624.0,0.0,0.0,-27.053838383838375,0.0,0.0,0.0,0.0,0.0,-2678.33,0.0
1363075,1,0,0,1.0,0.0,0.0,2513.0,0.0,0.0,-5.917454545454542,0.0,0.0,6.0,0.0,0.0,353.24,0.0,0.0
1363076,1,0,0,1.0,1.0,0.0,850.0,273.0,0.0,155.67725000000002,-8.600808080808081,0.0,8.0,3.0,0.0,-6071.639999999999,-851.48,0.0
1363078,1,0,0,1.0,1.0,1.0,1731.0,111.0,1223.0,26.281400000000005,-1.348787878787878,18.053076923076922,7.0,0.0,13.0,-1238.14,-133.53,468.57
1363080,1,0,0,0.0,0.0,1.0,0.0,0.0,604.0,0.0,0.0,17.639523809523812,0.0,0.0,15.0,0.0,0.0,370.43
1363081,1,0,0,1.0,1.0,1.0,2363.0,302.0,513.0,89.32950000000001,1.7571111111111182,21.0347619047619,9.0,6.0,17.0,-1608.1200000000001,79.07,441.73
1363082,2,2,1,1.0,1.0,0.0,805.0,587.0,0.0,-1.7487096774193633,-50.29563829787234,0.0,11.0,3.0,0.0,88.36000000000001,-4728.599999999999,0.0
1363083,1,0,0,1.0,1.0,1.0,300.0,1419.0,1419.0,-20.937954545454556,20.59545454545454,16.008064516129032,6.0,1.0,10.0,969.94,2038.9499999999998,495.7999999999993
1363084,2,2,1,1.0,1.0,0.0,97.0,175.0,0.0,-104.9325,-25.903636363636352,0.0,4.0,2.0,0.0,1700.0,-2564.46,0.0
1363086,1,0,0,1.0,0.0,1.0,682.0,0.0,660.0,75.40129032258062,0.0,43.662608695652175,11.0,0.0,15.0,-2271.0499999999997,0.0,1004.24
1363087,1,0,0,1.0,1.0,0.0,849.0,824.0,0.0,-25.3259375,-2.9274747474747445,0.0,10.0,1.0,0.0,908.71,-289.82,0.0
1363088,1,0,0,1.0,1.0,1.0,1806.0,1806.0,1806.0,-10.13981481481481,5.953030303030302,30.170606060606065,6.0,1.0,10.0,550.22,589.35,995.6299999999999
1363090,1,0,0,0.0,1.0,1.0,0.0,181.0,73.0,0.0,-7.808205128205129,0.19999999999999998,0.0,8.0,27.0,0.0,-304.52,2.3999999999999773
1363091,1,0,0,0.0,0.0,1.0,0.0,0.0,57.0,0.0,0.0,2.9000000000000004,0.0,0.0,27.0,0.0,0.0,34.79999999999973
1363092,1,0,0,0.0,1.0,1.0,0.0,329.0,157.0,0.0,-1.3494949494949506,5.004642857142859,0.0,0.0,11.0,0.0,-133.60000000000002,140.13
1363093,1,0,0,1.0,1.0,1.0,3503.0,3503.0,3420.0,-19.471250000000012,9.760303030303032,-6.696071428571429,10.0,1.0,9.0,745.62,966.2700000000001,-187.49
1363095,1,0,0,0.0,1.0,1.0,0.0,73.0,316.0,0.0,-12.863170731707319,-43.47185185185185,0.0,0.0,12.0,0.0,-1054.78,-1174.46
1363096,1,0,0,1.0,0.0,0.0,2203.0,0.0,0.0,79.094,0.0,0.0,24.0,0.0,0.0,-388.35,0.0,0.0
1363097,1,0,0,1.0,1.0,1.0,1734.0,420.0,281.0,-3.113333333333329,-1.959191919191919,-10.185882352941178,6.0,1.0,19.0,227.85000000000002,-193.42000000000002,-173.16
1363098,2,2,1,0.0,1.0,0.0,0.0,221.0,0.0,0.0,-28.857171717171713,0.0,0.0,1.0,0.0,0.0,-2856.86,0.0
1363100,2,2,1,0.0,1.0,0.0,0.0,750.0,0.0,0.0,-25.40232323232323,0.0,0.0,1.0,0.0,0.0,-2515.28,0.0
1363101,1,0,0,1.0,0.0,1.0,199.0,0.0,23.0,-44.94333333333334,0.0,5.41,4.0,0.0,20.0,2054.32,0.0,86.55999999999949
1363102,1,0,0,1.0,0.0,0.0,32.0,0.0,0.0,-58.823529411764696,0.0,0.0,1.0,0.0,0.0,1000.0,0.0,0.0
1363103,1,0,0,1.0,1.0,0.0,1017.0,320.0,0.0,49.98818181818182,-5.769191919191917,0.0,5.0,0.0,0.0,-1494.51,-571.15,0.0
1363107,1,0,0,1.0,1.0,0.0,480.0,55.0,0.0,17.949999999999996,-8.151428571428573,0.0,15.0,1.0,0.0,-389.36,-227.51999999999998,0.0
1363108,1,0,0,1.0,1.0,1.0,550.0,1219.0,893.0,16.55340909090909,-0.75,6.365454545454545,8.0,46.0,16.0,-690.6499999999999,-3.75,140.04
1363109,2,2,1,0.0,1.0,0.0,0.0,812.0,0.0,0.0,-22.598282828282837,0.0,0.0,0.0,0.0,0.0,-2237.23,0.0
1363112,1,0,0,1.0,1.0,0.0,1736.0,542.0,0.0,98.2988888888889,-16.905858585858592,0.0,26.0,2.0,0.0,-852.02,-1673.95,0.0
1363113,1,0,0,1.0,0.0,1.0,119.0,0.0,27.0,-38.847058823529416,0.0,3.475,6.0,0.0,27.0,660.4,0.0,36.66000000000008
1363117,1,0,0,1.0,1.0,1.0,1306.0,1844.0,2198.0,11.879166666666672,-7.646440677966099,0.37000000000000005,7.0,6.0,27.0,-455.4200000000001,-451.14,4.439999999999998
1363121,1,0,0,0.0,0.0,1.0,0.0,0.0,1363.0,0.0,0.0,0.14999999999999997,0.0,0.0,27.0,0.0,0.0,1.7999999999999972
1363123,2,2,1,1.0,1.0,0.0,675.0,296.0,0.0,-19.68093750000001,-69.8310101010101,0.0,10.0,0.0,0.0,1033.12,-6913.27,0.0
1363126,2,2,1,1.0,1.0,1.0,330.0,170.0,245.0,-66.2870731707317,-56.096060606060625,68.3640625,7.0,1.0,10.0,2900.0,-5553.51,2187.29
1363127,1,0,0,1.0,0.0,1.0,701.0,0.0,322.0,37.96571428571427,0.0,0.14999999999999997,25.0,0.0,27.0,-519.8899999999999,0.0,1.8000000000000114
1363128,1,0,0,1.0,1.0,1.0,306.0,1175.0,614.0,-5.185185185185185,-22.477499999999996,2.7416666666666667,9.0,11.0,27.0,140.0,-719.9099999999999,32.90000000000009
1363129,2,2,1,1.0,1.0,0.0,255.0,143.0,0.0,-14.544545454545453,-25.911616161616177,0.0,11.0,3.0,0.0,335.42,-2565.79,0.0
1363130,1,0,0,1.0,1.0,1.0,613.0,785.0,558.0,12.534545454545452,-1.14,-1.7367741935483894,4.0,0.0,10.0,-950.6400000000001,-112.86000000000001,-53.84
1363133,1,0,0,1.0,1.0,1.0,2264.0,2259.0,2264.0,1675.89,-40.67780487804878,43.268095238095235,0.0,8.0,16.0,-1656.7,-1668.42,908.6299999999999
1363134,1,0,0,0.0,1.0,0.0,0.0,2143.0,0.0,0.0,-7.412727272727272,0.0,0.0,15.0,0.0,0.0,-163.08,0.0
1363135,1,0,0,1.0,0.0,1.0,2124.0,0.0,1877.0,95.58741935483873,0.0,1.3399999999999999,11.0,0.0,24.0,-2892.2,0.0,6.7000000000000455
1363138,1,0,0,1.0,1.0,1.0,1048.0,1048.0,1048.0,-15.031764705882347,-0.8875757575757572,46.59772727272725,6.0,2.0,16.0,821.95,-87.87,1025.15
1363140,1,0,0,1.0,1.0,1.0,867.0,519.0,361.0,-18.328387096774193,-3.887540983606559,30.384230769230776,11.0,5.0,13.0,684.76,-237.14,789.99
1363141,1,0,0,0.0,1.0,1.0,0.0,714.0,416.0,0.0,4.246161616161616,11.330322580645161,0.0,0.0,11.0,0.0,420.37,351.24
1363142,1,0,0,1.0,1.0,1.0,300.0,247.0,292.0,-36.28865384615385,-5.663838383838383,0.5008333333333334,5.0,1.0,27.0,1953.78,-560.45,6.009999999999991
1363145,1,0,0,0.0,1.0,1.0,0.0,344.0,482.0,0.0,-0.18636363636363826,25.79076923076923,0.0,0.0,6.0,0.0,-18.44999999999999,335.28
1363146,1,0,0,1.0,0.0,0.0,1788.0,0.0,0.0,2814.61,0.0,0.0,0.0,0.0,0.0,-2782.38,0.0,0.0
1363147,1,0,0,1.0,1.0,1.0,1517.0,749.0,2971.0,-1.1514583333333352,1.2762626262626187,-28.48972222222223,7.0,0.0,9.0,57.32000000000002,126.35,-1025.63
1363150,1,0,0,0.0,0.0,1.0,0.0,0.0,1575.0,0.0,0.0,2.774081632653063,0.0,0.0,7.0,0.0,0.0,135.93000000000004
1363154,1,0,0,0.0,1.0,0.0,0.0,1784.0,0.0,0.0,-1.10959595959596,0.0,0.0,0.0,0.0,0.0,-109.58,0.0
1363157,0,1,0,0.0,1.0,0.0,0.0,9.0,0.0,0.0,-97.29090909090908,0.0,0.0,3.0,0.0,0.0,-9631.800000000001,0.0
1363158,1,0,0,1.0,1.0,1.0,1569.0,668.0,179.0,23.534166666666664,-35.068444444444445,51.98818181818183,28.0,7.0,15.0,-242.57,-1578.35,1143.74
1363159,1,0,0,1.0,1.0,0.0,562.0,362.0,0.0,192.368,-4.571323529411764,0.0,23.0,5.0,0.0,-949.72,-310.84999999999997,0.0
1363160,1,0,0,1.0,0.0,1.0,2637.0,0.0,2793.0,5.588676470588235,0.0,0.19791666666666832,5.0,0.0,7.0,-370.77000000000004,0.0,9.5
1363161,2,2,1,0.0,1.0,0.0,0.0,317.0,0.0,0.0,-26.426868686868694,0.0,0.0,0.0,0.0,0.0,-2616.2599999999998,0.0
1363164,1,0,0,1.0,1.0,1.0,2613.0,2815.0,642.0,-7.994390243902437,-0.03050505050504659,2.401621621621622,4.0,0.0,9.0,723.39,-3.019999999999982,88.86000000000001
1363165,2,0,0,1.0,1.0,1.0,2304.0,2172.0,1893.0,-2.1176923076923067,-21.70000000000001,-9.845000000000004,5.0,0.0,16.0,168.13,-2148.2999999999997,-216.59000000000003
1363167,2,2,1,0.0,1.0,1.0,0.0,1030.0,3181.0,0.0,-54.742222222222225,1.3003225806451606,0.0,2.0,11.0,0.0,-5419.4800000000005,39.86000000000013
1363168,0,1,0,0.0,1.0,1.0,0.0,446.0,325.0,0.0,-124.96909090909094,44.9088,0.0,1.0,13.0,0.0,-12372.75,1122.7199999999998
1363169,1,0,0,1.0,1.0,1.0,1511.0,618.0,1636.0,1749.6,-3.5957446808510642,0.18999999999999997,0.0,6.0,27.0,-1729.57,-169.0,2.280000000000001
1363170,2,2,1,1.0,1.0,0.0,681.0,1083.0,0.0,3.482727272727279,-24.32111111111111,0.0,6.0,2.0,0.0,-143.08000000000004,-2407.79,0.0
1363171,2,2,1,1.0,1.0,0.0,3053.0,928.0,0.0,-3.452564102564099,-50.551212121212146,0.0,8.0,0.0,0.0,403.29999999999995,-5004.57,0.0
1363173,1,0,0,1.0,1.0,1.0,541.0,147.0,2942.0,-21.700250000000004,-0.012020202020202571,-28.63142857142857,8.0,0.0,14.0,1054.06,-1.1899999999999977,-601.26
1363175,1,0,0,1.0,1.0,0.0,397.0,646.0,0.0,11.958636363636368,-3.302727272727268,0.0,4.0,0.0,0.0,-1030.7499999999998,-326.97,0.0
1363176,1,0,0,0.0,0.0,1.0,0.0,0.0,398.0,0.0,0.0,-1.816153846153843,0.0,0.0,13.0,0.0,0.0,-47.22
1363178,1,0,0,0.0,1.0,0.0,0.0,1065.0,0.0,0.0,-3.3736363636363627,0.0,0.0,0.0,0.0,0.0,-334.62,0.0
1363179,2,2,1,0.0,1.0,0.0,0.0,564.0,0.0,0.0,-25.98050505050505,0.0,0.0,2.0,0.0,0.0,-2572.07,0.0
1363180,1,0,0,0.0,0.0,1.0,0.0,0.0,189.0,0.0,0.0,-9.021999999999997,0.0,0.0,8.0,0.0,0.0,-360.97
1363182,1,0,0,1.0,0.0,1.0,251.0,0.0,34.0,-92.5328846153846,0.0,-91.6253846153846,4.0,0.0,12.0,5100.0,0.0,-2382.7999999999997
1363183,2,2,1,0.0,1.0,0.0,0.0,875.0,0.0,0.0,-59.40727272727274,0.0,0.0,0.0,0.0,0.0,-5881.32,0.0
1363184,1,0,0,1.0,1.0,0.0,87.0,92.0,0.0,-39.9584,-10.367916666666666,0.0,2.0,3.0,0.0,1000.0,-248.82999999999998,0.0
1363185,2,2,1,1.0,1.0,0.0,105.0,416.0,0.0,-55.093333333333334,-18.638383838383845,0.0,4.0,1.0,0.0,1000.0,-1845.1999999999998,0.0
1363187,1,0,0,1.0,1.0,1.0,2774.0,1935.0,1320.0,-16.171999999999993,-3.4925252525252497,0.4166666666666667,11.0,2.0,27.0,801.49,-345.76,5.0
1363191,1,0,0,0.0,1.0,0.0,0.0,725.0,0.0,0.0,0.6653424657534258,0.0,0.0,4.0,0.0,0.0,48.56999999999999,0.0
1363192,1,0,0,1.0,1.0,0.0,1235.0,1222.0,0.0,-15.069142857142866,-12.862626262626268,0.0,9.0,0.0,0.0,660.28,-1273.4,0.0
1363193,1,0,0,1.0,1.0,1.0,752.0,1064.0,1169.0,4.283589743589757,-3.0260714285714294,12.632399999999995,9.0,6.0,14.0,-95.46000000000004,-170.45000000000027,315.81000000000006
1363194,1,0,0,1.0,0.0,1.0,1048.0,0.0,1669.0,181.13941176470587,0.0,18.85923076923077,11.0,0.0,6.0,-2994.4,0.0,245.17000000000002
1363195,1,0,0,1.0,1.0,1.0,48.0,911.0,829.0,-52.63157894736843,4.473939393939395,21.509545454545457,1.0,0.0,15.0,1000.0,442.91999999999996,473.21
1363196,1,0,0,1.0,1.0,0.0,829.0,921.0,0.0,-3.0093814432989747,0.6577777777777821,0.0,3.0,0.0,0.0,379.6500000000001,65.11999999999995,0.0
1363197,2,2,1,1.0,1.0,1.0,813.0,813.0,813.0,-9.786200000000001,-25.641313131313137,11.728095238095241,7.0,3.0,15.0,512.1600000000001,-2538.58,246.29
1363199,1,0,0,1.0,1.0,1.0,670.0,637.0,670.0,98.46714285714283,-31.71243902439025,6.330476190476196,17.0,6.0,17.0,-2008.09,-1300.3,132.94
1363200,2,2,1,1.0,1.0,1.0,334.0,1361.0,799.0,-5.081702127659575,-18.656060606060617,40.08903225806451,6.0,1.0,10.0,254.56,-1846.95,1242.76
1363201,1,0,0,1.0,1.0,1.0,40.0,253.0,193.0,-58.82352941176471,-24.54588235294117,-1.1173913043478252,2.0,12.0,14.0,1000.0,-417.2800000000001,-25.69999999999999
1363203,1,0,0,0.0,1.0,1.0,0.0,586.0,192.0,0.0,-0.36474747474747604,12.792250000000008,0.0,1.0,8.0,0.0,-36.1099999999999,511.50999999999976
1363204,1,0,0,1.0,0.0,0.0,142.0,0.0,0.0,-34.569117647058825,0.0,0.0,3.0,0.0,0.0,1200.0,0.0,0.0
1363205,1,0,0,1.0,1.0,1.0,583.0,231.0,693.0,85.53730769230768,-74.53,44.906000000000006,13.0,2.0,13.0,-2141.79,-1192.48,1121.03
1363206,1,0,0,1.0,0.0,0.0,49.0,0.0,0.0,-189.32586206896548,0.0,0.0,1.0,0.0,0.0,5490.45,0.0,0.0
1363207,1,0,0,1.0,0.0,0.0,691.0,0.0,0.0,2.26721518987342,0.0,0.0,4.0,0.0,0.0,-109.66999999999996,0.0,0.0
1363208,1,0,0,0.0,1.0,1.0,0.0,230.0,140.0,0.0,-0.4163636363636375,23.595499999999998,0.0,0.0,8.0,0.0,-41.220000000000006,943.8199999999999
1363209,1,0,0,1.0,1.0,1.0,3619.0,3568.0,3494.0,5.4222580645161305,-3.804949494949492,46.95121212121213,11.0,2.0,6.0,76.38000000000011,-376.69,1549.21
1363210,2,2,1,1.0,1.0,1.0,340.0,210.0,150.0,-20.088809523809523,-19.402525252525262,-2.7268181818181825,7.0,1.0,15.0,889.68,-1920.8500000000001,-59.99
1363211,1,0,0,1.0,0.0,0.0,1225.0,0.0,0.0,53.035294117647055,0.0,0.0,10.0,0.0,0.0,-1611.94,0.0,0.0
1363212,1,0,0,1.0,1.0,0.0,2096.0,1024.0,0.0,-19.24487804878049,-1.8689898989899016,0.0,8.0,0.0,0.0,1114.29,-184.22,0.0
1363213,1,0,0,1.0,0.0,1.0,278.0,0.0,278.0,-25.819210526315793,0.0,0.35999999999999993,7.0,0.0,27.0,1046.11,0.0,4.32000000000005
1363214,2,2,1,0.0,1.0,0.0,0.0,1718.0,0.0,0.0,-41.509090909090915,0.0,0.0,0.0,0.0,0.0,-4109.4,0.0
1363215,0,0,1,1.0,1.0,1.0,663.0,2689.0,76.0,184.338,-116.38038461538463,67.92115384615384,8.0,13.0,12.0,-6984.009999999999,-3028.1399999999994,1765.9499999999998
1363216,1,0,0,1.0,1.0,1.0,1265.0,731.0,141.0,-10.055116279069763,-12.69555555555556,-0.7745000000000088,8.0,0.0,8.0,571.29,-1256.8600000000001,-30.980000000000004
1363217,2,2,1,1.0,1.0,0.0,432.0,472.0,0.0,-3.5024358974358907,-25.738989898989903,0.0,4.0,1.0,0.0,373.12,-2548.16,0.0
1363218,2,2,1,1.0,1.0,0.0,2205.0,250.0,0.0,-5.106578947368422,-24.566161616161622,0.0,4.0,1.0,0.0,467.08000000000004,-2432.05,0.0
1363219,2,2,1,1.0,1.0,0.0,1885.0,2493.0,0.0,-11.208923076923078,-43.416969696969694,0.0,5.0,0.0,0.0,772.53,-4298.64,0.0
1363222,1,0,0,1.0,1.0,0.0,1441.0,16.0,0.0,-15.103220338983052,6.565252525252524,0.0,5.0,0.0,0.0,892.6,649.9599999999999,0.0
1363223,2,2,1,1.0,1.0,1.0,1297.0,1297.0,1297.0,3.0602500000000026,-31.90292929292929,5.59761904761905,8.0,0.0,15.0,-71.25999999999999,-3158.3900000000003,117.46000000000004
1363227,1,0,0,1.0,1.0,0.0,280.0,30.0,0.0,-16.33749999999999,8.292424242424241,0.0,7.0,3.0,0.0,588.15,817.6199999999999,0.0
1363228,1,0,0,0.0,1.0,1.0,0.0,266.0,189.0,0.0,-1.504242424242428,51.1675,0.0,0.0,13.0,0.0,-148.92000000000002,1228.02
1363229,1,0,0,1.0,0.0,1.0,934.0,0.0,137.0,-1.709166666666662,0.0,-0.21814814814814779,5.0,0.0,12.0,153.68000000000006,0.0,-5.889999999999986
1363230,2,2,1,0.0,1.0,0.0,0.0,207.0,0.0,0.0,-20.900404040404045,0.0,0.0,1.0,0.0,0.0,-2069.1400000000003,0.0
1363232,1,0,0,1.0,0.0,0.0,135.0,0.0,0.0,-35.03892857142857,0.0,0.0,3.0,0.0,0.0,1000.0,0.0,0.0
1363233,2,2,1,0.0,1.0,1.0,0.0,184.0,574.0,0.0,-49.66171717171716,-17.152352941176474,0.0,2.0,6.0,0.0,-4916.96,-291.59
1363234,1,0,0,1.0,1.0,1.0,42.0,2202.0,2788.0,-71.42857142857142,-3.4162626262626237,32.43541666666667,0.0,1.0,14.0,3000.0,-338.21,778.45
1363235,2,2,1,0.0,1.0,0.0,0.0,824.0,0.0,0.0,-18.386666666666695,0.0,0.0,0.0,0.0,0.0,-1820.28,0.0
1363236,2,0,0,1.0,1.0,1.0,1790.0,819.0,469.0,40.4069369369369,-29.543939393939397,14.697735849056603,3.0,0.0,6.0,-4367.43,-2924.85,778.98
1363237,0,1,0,1.0,1.0,1.0,736.0,488.0,145.0,8735.14,-75.02636363636366,0.9374999999999997,0.0,3.0,27.0,-8649.37,-7428.42,11.25
1363238,1,0,0,0.0,0.0,1.0,0.0,0.0,1635.0,0.0,0.0,0.24000000000000007,0.0,0.0,27.0,0.0,0.0,2.8799999999999955
1363241,1,0,0,1.0,1.0,1.0,1262.0,978.0,2196.0,-14.500428571428568,-4.650707070707069,29.294680851063823,5.0,0.0,7.0,1064.85,-460.42,1376.31
1363242,1,0,0,0.0,1.0,0.0,0.0,443.0,0.0,0.0,6.2308080808080835,0.0,0.0,0.0,0.0,0.0,616.8499999999999,0.0
1363243,2,0,0,1.0,1.0,1.0,1650.0,1585.0,1538.0,16.91436363636364,-19.122727272727282,26.519411764705882,6.0,0.0,12.0,-915.8399999999999,-1893.78,449.48
1363247,1,0,0,1.0,1.0,1.0,1601.0,1446.0,1260.0,-42.30333333333334,2.246666666666666,1.5615384615384629,5.0,0.0,9.0,2894.7,222.42000000000002,60.89999999999998
1363249,1,0,0,1.0,1.0,0.0,988.0,941.0,0.0,-0.6117557251908404,19.466565656565656,0.0,2.0,0.0,0.0,466.28999999999996,1927.19,0.0
1363250,1,0,0,0.0,1.0,0.0,0.0,1412.0,0.0,0.0,-4.042323232323228,0.0,0.0,0.0,0.0,0.0,-400.18999999999994,0.0
1363251,2,2,1,0.0,1.0,1.0,0.0,1622.0,477.0,0.0,-20.749393939393943,1.4122500000000016,0.0,2.0,8.0,0.0,-2054.91,55.85999999999967
1363252,1,0,0,1.0,1.0,1.0,677.0,382.0,332.0,-2.4499999999999975,-1.9527272727272724,0.22666666666666668,10.0,1.0,27.0,223.74,-193.59,2.719999999999999
1363253,2,2,1,1.0,1.0,1.0,1030.0,1664.0,1301.0,-4.5052830188679165,-38.665252525252534,19.16791666666667,6.0,3.0,12.0,311.6099999999999,-3827.8599999999997,459.76
1363254,1,0,0,1.0,1.0,1.0,1012.0,1328.0,632.0,19.310754716981133,4.501720430107532,2.511428571428571,6.0,0.0,25.0,-1008.8299999999999,418.66,17.579999999999927
1363255,1,0,0,0.0,1.0,0.0,0.0,236.0,0.0,0.0,-2.4405050505050516,0.0,0.0,1.0,0.0,0.0,-241.60999999999999,0.0
1363257,1,0,0,1.0,0.0,1.0,323.0,0.0,845.0,-32.08477611940299,0.0,18.015769230769234,4.0,0.0,6.0,2275.24,0.0,936.46
1363258,1,0,0,0.0,1.0,1.0,0.0,127.0,440.0,0.0,-3.0467307692307717,2.4846428571428554,0.0,2.0,12.0,0.0,-158.43,69.29999999999995
1363259,1,0,0,1.0,0.0,0.0,2852.0,0.0,0.0,0.9396363636363632,0.0,0.0,6.0,0.0,0.0,-46.31999999999999,0.0,0.0
1363261,2,0,0,1.0,1.0,1.0,1212.0,1391.0,2377.0,-15.984999999999992,-26.052929292929285,-10.744166666666668,6.0,0.0,6.0,856.67,-2579.2400000000002,-386.78999999999996
1363262,1,0,0,0.0,1.0,1.0,0.0,903.0,535.0,0.0,-1.9429292929292916,124.4748484848485,0.0,0.0,10.0,0.0,-192.35,4107.400000000001
1363263,1,0,0,1.0,0.0,0.0,278.0,0.0,0.0,-16.038684210526313,0.0,0.0,3.0,0.0,0.0,1218.94,0.0,0.0
1363264,1,0,0,1.0,1.0,1.0,648.0,491.0,648.0,-10.080638297872335,-1.7795959595959612,-43.14825000000001,3.0,0.0,8.0,948.31,-176.18,-1725.9299999999998
1363265,2,2,1,1.0,1.0,1.0,226.0,17.0,178.0,-2.6624000000000048,-24.889999999999997,30.737826086956524,4.0,3.0,14.0,133.12,-2465.73,706.97
1363266,2,2,1,1.0,1.0,0.0,311.0,43.0,0.0,-19.50294117647059,-28.464949494949483,0.0,5.0,3.0,0.0,994.65,-2818.66,0.0
1363267,1,0,0,1.0,1.0,1.0,339.0,1341.0,10.0,-25.441428571428574,-4.810303030303035,34.56719999999999,6.0,0.0,13.0,1271.39,-476.22,858.6000000000001
1363268,1,0,0,1.0,1.0,1.0,2381.0,2070.0,2381.0,12.53285714285715,9.109090909090906,-12.25230769230769,12.0,0.0,12.0,-73.47000000000003,901.8000000000001,-318.55999999999995
1363270,1,0,0,0.0,1.0,1.0,0.0,585.0,15.0,0.0,-2.0104040404040413,-3.596170212765961,0.0,0.0,7.0,0.0,-199.03,-169.02000000000004
1363271,2,0,0,1.0,1.0,1.0,616.0,616.0,616.0,16.95795454545456,-18.684040404040406,11.966060606060612,8.0,0.0,10.0,-692.8699999999999,-1849.7199999999998,394.88000000000005
1363272,1,0,0,1.0,1.0,1.0,143.0,118.0,175.0,-21.449361702127657,-1.7836363636363595,13.649499999999998,2.0,2.0,8.0,1016.12,-176.57999999999998,545.9799999999999
1363275,1,0,0,1.0,1.0,0.0,375.0,670.0,0.0,-5.446166666666664,-1.849696969696971,0.0,5.0,0.0,0.0,396.4100000000001,-183.12,0.0
1363276,1,0,0,0.0,0.0,1.0,0.0,0.0,281.0,0.0,0.0,27.912954545454546,0.0,0.0,7.0,0.0,0.0,1225.02
1363280,1,0,0,1.0,1.0,1.0,1027.0,770.0,920.0,-9.53157142857143,-0.05525252525252255,43.98222222222221,4.0,0.0,9.0,671.8299999999999,-5.650000000000034,1582.9099999999999
1363282,1,0,0,1.0,1.0,0.0,2911.0,2858.0,0.0,-5.279444444444445,-0.5463736263736226,0.0,9.0,3.0,0.0,226.26999999999998,-49.72,0.0
1363283,1,0,0,1.0,1.0,1.0,258.0,258.0,258.0,-34.91620689655173,-1.0427272727272696,-8.595263157894736,8.0,1.0,14.0,1100.0,-103.22999999999999,-163.31
1363284,1,0,0,1.0,1.0,1.0,1990.0,647.0,1436.0,-3.2770270270270285,5.3081818181818194,-19.116129032258073,9.0,1.0,11.0,132.9799999999999,525.51,-593.2300000000001
1363286,2,2,1,0.0,1.0,1.0,0.0,890.0,1422.0,0.0,-24.97575757575758,106.50909090909092,0.0,1.0,7.0,0.0,-2472.6,1171.6
1363287,1,0,0,1.0,0.0,0.0,1190.0,0.0,0.0,-4.065312499999998,0.0,0.0,10.0,0.0,0.0,272.52,0.0,0.0
1363288,1,0,0,1.0,1.0,1.0,776.0,315.0,588.0,2.5547916666666595,7.608181818181819,-25.931935483870966,7.0,1.0,11.0,94.19000000000005,752.7600000000001,-804.9699999999999
1363290,1,0,0,0.0,0.0,1.0,0.0,0.0,145.0,0.0,0.0,11.408750000000003,0.0,0.0,10.0,0.0,0.0,365.0799999999999
1363291,2,2,1,1.0,1.0,1.0,211.0,83.0,327.0,-84.05559322033898,-38.78717171717173,14.575384615384618,3.0,2.0,12.0,5014.14,-3839.9300000000003,378.96000000000004
1363294,1,0,0,1.0,0.0,1.0,6.0,0.0,574.0,-166.2052631578947,0.0,1.8791666666666664,0.0,0.0,27.0,3157.9,0.0,22.549999999999955
1363295,1,0,0,1.0,1.0,1.0,2434.0,2422.0,2434.0,3.869999999999999,-3.4989090909090903,3.813333333333335,10.0,6.0,13.0,30.090000000000032,-192.43999999999997,91.52000000000001
1363296,2,0,0,1.0,1.0,1.0,1648.0,1648.0,1648.0,-4.339795918367347,-25.288080808080807,7.138064516129028,3.0,0.0,11.0,480.69999999999993,-2503.52,219.39000000000033
1363297,1,0,0,1.0,1.0,0.0,2146.0,1397.0,0.0,17.027954545454552,-2.9142424242424223,0.0,7.0,0.0,0.0,-737.8800000000001,-288.51,0.0
1363298,0,2,0,0.0,1.0,0.0,0.0,827.0,0.0,0.0,-73.6382828282828,0.0,0.0,0.0,0.0,0.0,-7290.19,0.0
1363301,2,2,1,0.0,1.0,1.0,0.0,100.0,284.0,0.0,-53.81070707070708,3.7827272727272763,0.0,2.0,10.0,0.0,-5330.95,124.82999999999998
1363302,1,0,0,1.0,1.0,0.0,441.0,992.0,0.0,167.0881818181818,-14.906868686868703,0.0,10.0,1.0,0.0,-1731.39,-1475.7799999999997,0.0
1363303,2,2,1,1.0,1.0,0.0,254.0,317.0,0.0,-16.39344262295082,-27.77767676767677,0.0,3.0,0.0,0.0,1000.0,-2750.3500000000004,0.0
1363304,1,0,0,0.0,1.0,0.0,0.0,397.0,0.0,0.0,-2.2070707070707063,0.0,0.0,0.0,0.0,0.0,-218.50000000000003,0.0
1363305,1,0,0,0.0,1.0,0.0,0.0,310.0,0.0,0.0,-2.863838383838385,0.0,0.0,0.0,0.0,0.0,-283.52000000000004,0.0
1363306,1,0,0,1.0,1.0,1.0,318.0,2118.0,218.0,-3.615789473684211,-1.21030303030303,15.945161290322579,8.0,0.0,10.0,137.4,-119.82,494.29999999999995
1363307,2,0,0,1.0,1.0,1.0,632.0,737.0,191.0,16.077142857142853,-24.742020202020196,-1.1787878787878812,4.0,1.0,5.0,-1285.2700000000002,-2449.46,-38.89999999999998
1363308,1,0,0,1.0,1.0,1.0,248.0,509.0,509.0,71.10333333333334,6.556923076923076,52.65652173913044,3.0,25.0,15.0,-2296.41,83.34999999999945,1211.1
1363311,0,1,0,1.0,1.0,1.0,29.0,179.0,300.0,-225.0,-101.50171717171712,-12.483333333333327,1.0,2.0,12.0,2700.0,-10048.669999999998,-337.05
1363312,1,0,0,1.0,0.0,0.0,101.0,0.0,0.0,-67.04338461538462,0.0,0.0,1.0,0.0,0.0,4400.0,0.0,0.0
1363313,1,0,0,1.0,1.0,0.0,760.0,391.0,0.0,35.8472,-1.6128282828282805,0.0,13.0,3.0,0.0,-864.74,-159.67000000000002,0.0
1363314,1,0,0,1.0,1.0,0.0,1788.0,972.0,0.0,32.10265625000001,-18.273434343434346,0.0,5.0,2.0,0.0,-2026.85,-1809.43,0.0
1363316,1,0,0,1.0,1.0,1.0,873.0,1410.0,262.0,-2.9596428571428572,8.395656565656557,14.810476190476193,12.0,1.0,15.0,229.66999999999996,831.1700000000001,311.0199999999999
1363317,1,0,0,1.0,1.0,1.0,2452.0,1691.0,2562.0,23.538124999999997,-0.15109589041096008,0.23,11.0,4.0,27.0,-738.4899999999999,-11.03000000000003,2.759999999999991
1363318,1,0,0,0.0,1.0,0.0,0.0,304.0,0.0,0.0,-0.12969696969697303,0.0,0.0,1.0,0.0,0.0,-12.840000000000003,0.0
1363321,1,0,0,1.0,1.0,1.0,1453.0,384.0,527.0,21.53083333333333,25.648888888888887,23.247499999999988,7.0,0.0,10.0,-943.1200000000001,2539.24,836.9100000000001
1363323,0,1,0,1.0,1.0,0.0,388.0,2793.0,0.0,143.37552631578944,-110.31767676767677,0.0,9.0,3.0,0.0,-5206.469999999999,-10922.17,0.0
1363324,2,2,1,0.0,1.0,0.0,0.0,494.0,0.0,0.0,-38.29227272727272,0.0,0.0,8.0,0.0,0.0,-1685.04,0.0
1363326,1,0,0,0.0,1.0,1.0,0.0,167.0,282.0,0.0,40.7187755102041,0.6038461538461537,0.0,3.0,25.0,0.0,1995.2199999999998,7.850000000000023
1363327,2,2,1,1.0,1.0,1.0,274.0,274.0,274.0,-61.267872340425555,-23.97333333333334,3.98,5.0,1.0,10.0,3000.0,-2373.36,123.38
1363328,1,0,0,1.0,1.0,1.0,278.0,300.0,4.0,-41.45615384615384,8.132881355932211,57.44238095238096,19.0,4.0,15.0,538.93,479.84,1206.29
1363331,1,0,0,1.0,1.0,1.0,1256.0,1715.0,1670.0,135.68674999999996,-13.617878787878785,-5.223548387096779,8.0,1.0,11.0,-5309.950000000001,-1348.7999999999997,-162.11
1363332,1,0,0,1.0,0.0,0.0,1175.0,0.0,0.0,95.32545454545453,0.0,0.0,16.0,0.0,0.0,-1930.9700000000003,0.0,0.0
1363333,1,0,0,0.0,1.0,1.0,0.0,1823.0,887.0,0.0,-2.1882828282828295,30.3005,0.0,0.0,9.0,0.0,-216.64,1210.85
1363334,1,0,0,0.0,1.0,1.0,0.0,976.0,338.0,0.0,-1.522828282828283,7.322000000000003,0.0,0.0,11.0,0.0,-150.76,219.65999999999997
1363335,1,0,0,1.0,1.0,0.0,538.0,174.0,0.0,-12.940199999999999,-1.029191919191921,0.0,7.0,0.0,0.0,672.76,-101.89,0.0
1363336,2,2,1,0.0,1.0,1.0,0.0,1086.0,1086.0,0.0,-42.01282828282825,-2.9569230769230765,0.0,0.0,8.0,0.0,-4159.900000000001,-115.32000000000001
1363337,0,2,0,0.0,1.0,1.0,0.0,302.0,568.0,0.0,-73.87282828282825,180.86425,0.0,1.0,9.0,0.0,-7313.409999999999,7234.57
1363338,1,0,0,0.0,0.0,1.0,0.0,0.0,923.0,0.0,0.0,14.76346153846154,0.0,0.0,13.0,0.0,0.0,381.59999999999997
1363339,1,0,0,0.0,0.0,1.0,0.0,0.0,401.0,0.0,0.0,7.729318181818181,0.0,0.0,8.0,0.0,0.0,340.09000000000003
1363342,1,0,0,1.0,1.0,1.0,803.0,483.0,989.0,-10.754814814814816,-2.1227272727272766,-4.360588235294118,4.0,0.0,7.0,983.61,-210.15,-222.39000000000001
1363343,1,0,0,0.0,0.0,1.0,0.0,0.0,293.0,0.0,0.0,34.24195121951219,0.0,0.0,8.0,0.0,0.0,1403.83
1363344,1,0,0,1.0,1.0,1.0,923.0,882.0,12.0,-4.1335,-0.9042424242424257,6.066249999999999,5.0,0.0,13.0,309.96000000000004,-90.05999999999999,145.58999999999997
1363345,1,0,0,1.0,1.0,0.0,491.0,539.0,0.0,0.008888888888891857,20.52878787878788,0.0,7.0,1.0,0.0,293.44000000000005,2032.35,0.0
1363346,2,2,1,0.0,1.0,1.0,0.0,484.0,1404.0,0.0,-34.48758241758241,0.4100000000000001,0.0,3.0,27.0,0.0,-3138.55,4.919999999999959
1363347,1,0,0,0.0,0.0,1.0,0.0,0.0,219.0,0.0,0.0,-8.511818181818176,0.0,0.0,10.0,0.0,0.0,-281.61
1363348,2,2,1,1.0,1.0,1.0,1778.0,1614.0,860.0,-23.81206349206349,-34.52959595959597,25.965434782608696,5.0,0.0,7.0,1567.71,-3418.4299999999994,1194.1399999999999
1363351,1,0,0,0.0,0.0,1.0,0.0,0.0,1467.0,0.0,0.0,0.27,0.0,0.0,22.0,0.0,0.0,1.0800000000000125
1363352,1,0,0,1.0,1.0,1.0,658.0,21.0,1225.0,-2.8406557377049233,-4.435555555555557,36.43319999999999,5.0,0.0,14.0,205.54999999999995,-439.1199999999999,910.8299999999999
1363353,2,2,1,1.0,1.0,1.0,2383.0,2383.0,2120.0,-13.628550724637673,-50.303030303030305,53.81192307692307,5.0,0.0,3.0,1024.48,-4980.0,1399.1100000000001
1363354,1,0,0,1.0,1.0,1.0,1809.0,645.0,157.0,2.3515909090909095,-10.064242424242423,24.195,8.0,0.0,8.0,281.07000000000016,-996.36,967.8000000000001
1363355,1,0,0,1.0,0.0,1.0,386.0,0.0,300.0,56.180681818181846,0.0,7.290000000000002,7.0,0.0,14.0,-2352.36,0.0,167.67000000000007
1363356,2,2,1,1.0,1.0,1.0,1757.0,8.0,844.0,-8.674727272727269,-26.867474747474745,-4.579666666666663,6.0,3.0,11.0,517.85,-2659.88,-137.39
1363361,2,2,1,1.0,1.0,1.0,563.0,359.0,1000.0,9.280232558139542,-36.65464646464646,-1.492000000000009,8.0,0.0,9.0,-387.09000000000003,-3628.81,-22.379999999999995
1363364,1,0,0,1.0,1.0,0.0,2068.0,294.0,0.0,0.24733333333333274,-10.008080808080813,0.0,2.0,0.0,0.0,2.1100000000001273,-990.8,0.0
1363365,2,2,1,1.0,1.0,0.0,125.0,1013.0,0.0,-88.52217391304347,-47.24707070707068,0.0,4.0,0.0,0.0,2100.0,-4677.46,0.0
1363366,1,0,0,0.0,0.0,1.0,0.0,0.0,39.0,0.0,0.0,175.16299999999998,0.0,0.0,8.0,0.0,0.0,7006.52
1363370,1,0,0,1.0,0.0,1.0,979.0,0.0,818.0,-10.714,0.0,0.18499999999999997,8.0,0.0,27.0,451.88,0.0,2.219999999999999
1363371,2,2,1,0.0,1.0,1.0,0.0,1677.0,954.0,0.0,-27.61171717171717,-20.581290322580646,0.0,1.0,11.0,0.0,-2733.56,-638.5600000000001
1363374,1,0,0,0.0,1.0,1.0,0.0,230.0,144.0,0.0,-6.245526315789473,1.4791666666666667,0.0,8.0,27.0,0.0,-237.33,17.75
1363375,1,0,0,0.0,1.0,0.0,0.0,897.0,0.0,0.0,-1.1007070707070692,0.0,0.0,0.0,0.0,0.0,-108.97,0.0
1363376,1,0,0,0.0,0.0,1.0,0.0,0.0,321.0,0.0,0.0,27.825555555555567,0.0,0.0,9.0,0.0,0.0,1001.3600000000001
1363377,2,2,1,1.0,1.0,1.0,418.0,263.0,549.0,-7.445312499999997,-26.10767676767676,46.8784,5.0,1.0,13.0,511.41,-2584.66,1171.15
1363382,1,0,0,1.0,1.0,1.0,305.0,236.0,508.0,-25.303888888888903,-11.614848484848489,6.819166666666671,7.0,1.0,15.0,1000.0,-1149.87,163.66000000000003
1363383,1,0,0,1.0,0.0,0.0,1273.0,0.0,0.0,13.3540243902439,0.0,0.0,4.0,0.0,0.0,-1069.93,0.0,0.0
1363384,0,1,0,1.0,1.0,1.0,420.0,2185.0,1360.0,80.21399999999998,-74.5086868686869,117.99000000000001,6.0,0.0,15.0,-4309.8,-7375.639999999999,2595.78
1363385,1,0,0,1.0,0.0,1.0,2848.0,0.0,165.0,22.268947368421045,0.0,39.217419354838704,8.0,0.0,10.0,-834.47,0.0,1215.7399999999998
1363387,1,0,0,1.0,1.0,1.0,1931.0,1931.0,1931.0,0.2406250000000001,7.905353535353532,-1.4123684210526306,10.0,0.0,8.0,142.62,782.63,-53.67
1363389,2,2,1,0.0,1.0,1.0,0.0,875.0,1316.0,0.0,-23.029696969696964,-14.663513513513513,0.0,0.0,9.0,0.0,-2279.94,-542.5500000000001
1363390,2,2,1,1.0,1.0,1.0,270.0,17.0,75.0,-35.80215686274509,-22.933333333333326,11.890000000000002,4.0,3.0,8.0,1860.67,-2270.4,487.49
1363391,1,0,0,0.0,1.0,0.0,0.0,325.0,0.0,0.0,-2.1697979797979787,0.0,0.0,0.0,0.0,0.0,-214.81,0.0
1363392,2,2,1,1.0,1.0,1.0,743.0,741.0,784.0,-0.4354545454545443,-26.626464646464648,5.522500000000001,10.0,1.0,13.0,165.23000000000002,-2636.02,132.54000000000002
1363393,1,0,0,1.0,1.0,0.0,202.0,570.0,0.0,-11.235955056179776,-0.29707070707070726,0.0,2.0,0.0,0.0,1000.0,-29.409999999999997,0.0
1363394,1,0,0,1.0,0.0,1.0,206.0,0.0,3125.0,-43.29272727272726,0.0,1.2038461538461516,7.0,0.0,13.0,1000.0,0.0,31.300000000000182
1363395,1,0,0,1.0,1.0,1.0,3035.0,3262.0,3262.0,80.459,-10.444444444444445,0.16999999999999996,4.0,2.0,27.0,-2342.77,-1034.1799999999998,2.0400000000000205
1363398,2,2,1,1.0,1.0,0.0,352.0,121.0,0.0,-34.42923076923077,-25.08212121212121,0.0,11.0,3.0,0.0,1000.0,-2483.13,0.0
1363399,1,0,0,1.0,1.0,0.0,506.0,42.0,0.0,87.97400000000002,-7.276464646464659,0.0,24.0,0.0,0.0,-428.31,-720.3700000000001,0.0
1363400,1,0,0,1.0,1.0,1.0,529.0,867.0,862.0,15.361785714285718,15.393131313131313,-8.066603773584912,4.0,0.0,6.0,-1106.8200000000002,1523.92,-427.53
1363402,2,2,1,1.0,1.0,0.0,1234.0,316.0,0.0,2.7843243243243263,-33.17999999999999,0.0,9.0,0.0,0.0,80.58999999999992,-3284.82,0.0
1363403,2,2,1,1.0,1.0,1.0,54.0,889.0,65.0,-118.75,-44.653939393939375,20.24285714285715,2.0,1.0,15.0,1900.0,-4420.74,425.10000000000014
1363404,1,0,0,0.0,1.0,1.0,0.0,100.0,313.0,0.0,5.69979797979798,13.225454545454548,0.0,0.0,10.0,0.0,564.28,436.44
1363405,1,0,0,0.0,1.0,0.0,0.0,308.0,0.0,0.0,1.0749494949494949,0.0,0.0,1.0,0.0,0.0,106.41999999999999,0.0
1363408,1,0,0,1.0,1.0,1.0,2180.0,1895.0,2180.0,-22.138387096774213,-1.6643434343434351,21.344374999999996,11.0,0.0,10.0,934.39,-164.77,683.02
1363409,1,0,0,1.0,0.0,0.0,852.0,0.0,0.0,20.77225,0.0,0.0,8.0,0.0,0.0,-817.12,0.0,0.0
1363410,2,2,1,0.0,1.0,1.0,0.0,458.0,220.0,0.0,-60.59711864406779,2.2025,0.0,6.0,27.0,0.0,-3576.31,26.42999999999995
1363413,1,0,0,0.0,1.0,0.0,0.0,198.0,0.0,0.0,-0.10060606060606106,0.0,0.0,1.0,0.0,0.0,-9.960000000000008,0.0
1363414,1,0,0,1.0,1.0,1.0,1220.0,998.0,1195.0,2.550499999999997,-8.63252525252524,19.975714285714286,8.0,3.0,15.0,-66.07999999999998,-854.6200000000003,419.49
1363415,2,2,1,0.0,1.0,0.0,0.0,3.0,0.0,0.0,-27.23676767676768,0.0,0.0,3.0,0.0,0.0,-2696.44,0.0
1363416,1,0,0,0.0,1.0,0.0,0.0,31.0,0.0,0.0,-2.092959183673471,0.0,0.0,0.0,0.0,0.0,-205.56,0.0
1363420,2,2,1,1.0,1.0,0.0,842.0,1013.0,0.0,-22.728947368421053,-25.72373737373738,0.0,9.0,3.0,0.0,885.87,-2546.65,0.0
1363421,1,0,0,1.0,1.0,1.0,2660.0,2660.0,2660.0,35.717833333333346,-17.232121212121218,0.18935483870967756,6.0,1.0,11.0,-2013.4899999999998,-1706.1599999999999,5.869999999999976
1363422,1,0,0,1.0,0.0,1.0,1141.0,0.0,431.0,71.27827586206895,0.0,-19.48428571428571,11.0,0.0,1.0,-1752.11,0.0,-409.17
1363426,1,0,0,1.0,1.0,0.0,1520.0,27.0,0.0,24.945500000000017,-33.26474999999999,0.0,8.0,8.0,0.0,-891.1200000000001,-1330.5900000000001,0.0
1363427,1,0,0,1.0,1.0,0.0,2021.0,1785.0,0.0,135.1082608695652,0.6666666666666713,0.0,15.0,2.0,0.0,-2555.11,66.0,0.0
1363428,1,0,0,0.0,1.0,0.0,0.0,663.0,0.0,0.0,-8.781616161616162,0.0,0.0,0.0,0.0,0.0,-870.0999999999999,0.0
1363429,1,0,0,1.0,1.0,1.0,1677.0,458.0,1925.0,95.25615384615388,0.37000000000000005,0.21,0.0,27.0,27.0,-1204.2299999999998,4.439999999999998,2.5200000000000102
1363433,1,0,0,1.0,1.0,0.0,1734.0,937.0,0.0,36.7175,-16.969506172839495,0.0,21.0,4.0,0.0,-579.32,-1374.5300000000002,0.0
1363434,2,2,1,0.0,1.0,1.0,0.0,1281.0,1285.0,0.0,-53.75535353535352,171.3714285714286,0.0,1.0,0.0,0.0,-5321.780000000001,2399.2
1363435,2,2,1,1.0,1.0,0.0,1781.0,2255.0,0.0,-1.3464583333333329,-22.99555555555557,0.0,7.0,1.0,0.0,107.63,-2276.5600000000004,0.0
1363436,1,0,0,0.0,1.0,0.0,0.0,344.0,0.0,0.0,-1.6987878787878767,0.0,0.0,0.0,0.0,0.0,-168.18,0.0
1363438,1,0,0,1.0,1.0,1.0,534.0,230.0,1035.0,7.486400000000003,1.179797979797979,-1.9077419354838692,7.0,0.0,11.0,-334.62,116.79999999999998,-59.14
1363441,1,0,0,1.0,1.0,1.0,3436.0,3436.0,3305.0,19.392093023255814,0.4033333333333334,17.13925925925926,8.0,1.0,8.0,-821.8299999999999,39.92999999999999,462.76
1363442,1,0,0,0.0,1.0,0.0,0.0,2026.0,0.0,0.0,-7.03434343434343,0.0,0.0,1.0,0.0,0.0,-696.4,0.0
1363444,1,0,0,1.0,1.0,0.0,288.0,708.0,0.0,-16.1325,-0.9810101010100998,0.0,4.0,0.0,0.0,1000.0,-97.12,0.0
1363445,1,0,0,0.0,0.0,1.0,0.0,0.0,3113.0,0.0,0.0,-6.129032258064514,0.0,0.0,11.0,0.0,0.0,-190.26999999999998
1363447,2,2,1,1.0,1.0,1.0,87.0,688.0,200.0,-61.789375,-22.355050505050503,18.663076923076925,4.0,1.0,12.0,1000.0,-2213.96,485.24
1363448,2,2,1,1.0,1.0,1.0,357.0,1002.0,1906.0,-29.52452380952381,-36.14484848484849,22.596249999999994,8.0,0.0,8.0,1400.0,-3578.34,903.13
1363449,1,0,0,1.0,1.0,0.0,422.0,137.0,0.0,7.536938775510203,12.541616161616165,0.0,7.0,0.0,0.0,-355.34000000000003,1241.62,0.0
1363450,1,0,0,0.0,1.0,1.0,0.0,182.0,661.0,0.0,-0.1318181818181922,32.688148148148144,0.0,2.0,13.0,0.0,-13.050000000000011,882.58
1363452,1,0,0,0.0,1.0,1.0,0.0,338.0,4.0,0.0,1.0288888888888879,-13.60775,0.0,1.0,8.0,0.0,101.86000000000001,-549.1700000000001
1363453,1,0,0,0.0,1.0,0.0,0.0,1007.0,0.0,0.0,-13.560625000000002,0.0,0.0,14.0,0.0,0.0,-216.97,0.0
1363454,2,0,0,1.0,1.0,1.0,1970.0,1970.0,1970.0,17.41369047619049,-22.134949494949492,20.365384615384606,4.0,1.0,12.0,-1333.87,-2191.36,528.96
1363455,1,0,0,1.0,0.0,1.0,43.0,0.0,146.0,-207.71920000000003,0.0,0.23692307692307685,1.0,0.0,25.0,5192.98,0.0,3.0800000000000125
1363456,1,0,0,0.0,1.0,0.0,0.0,296.0,0.0,0.0,15.3827868852459,0.0,0.0,4.0,0.0,0.0,938.35,0.0
1363457,0,1,0,1.0,1.0,1.0,2809.0,2809.0,2809.0,-22.700166666666647,-110.269898989899,76.82238095238095,5.0,3.0,17.0,1598.2000000000003,-10917.169999999998,1613.2699999999998
1363458,1,0,0,1.0,1.0,1.0,704.0,1296.0,1456.0,-12.763000000000003,-2.8622222222222184,-1.780645161290321,8.0,0.0,11.0,572.9,-282.91,-55.20000000000002
1363459,1,0,0,1.0,0.0,0.0,79.0,0.0,0.0,-103.41827586206897,0.0,0.0,2.0,0.0,0.0,3000.0,0.0,0.0
1363461,2,2,1,1.0,1.0,0.0,834.0,303.0,0.0,0.6837974683544417,-19.398989898989903,0.0,4.0,0.0,0.0,35.02999999999997,-1920.5,0.0
1363462,1,0,0,1.0,1.0,1.0,1532.0,1532.0,1532.0,4.771666666666667,-3.2737499999999997,72.33,8.0,13.0,13.0,177.57000000000016,-83.15999999999985,1735.92
1363465,1,0,0,0.0,1.0,1.0,0.0,3.0,614.0,0.0,-15.437936507936511,1.4533333333333334,0.0,5.0,27.0,0.0,-972.9500000000003,17.43999999999994
1363466,1,0,0,0.0,0.0,1.0,0.0,0.0,2226.0,0.0,0.0,16.436764705882357,0.0,0.0,10.0,0.0,0.0,558.8500000000001
1363467,2,2,1,1.0,1.0,0.0,915.0,351.0,0.0,-2.547027027027022,-41.38898989898989,0.0,4.0,0.0,0.0,306.1099999999999,-4097.509999999999,0.0
1363468,1,0,0,1.0,0.0,1.0,46.0,0.0,157.0,-134.14634146341464,0.0,10.536935483870968,1.0,0.0,5.0,5500.0,0.0,653.29
1363469,1,0,0,0.0,1.0,1.0,0.0,59.0,268.0,0.0,1.083535353535352,-13.597307692307691,0.0,0.0,12.0,0.0,107.27,-354.07000000000016
1363470,2,0,0,1.0,1.0,0.0,208.0,2395.0,0.0,-102.35354166666666,-23.01454545454547,0.0,4.0,1.0,0.0,5000.0,-2278.62,0.0
1363471,1,0,0,1.0,1.0,1.0,175.0,178.0,285.0,-60.74547169811319,-0.5072727272727279,68.95772727272725,3.0,0.0,15.0,3229.66,-50.22,1517.07
1363474,2,2,1,1.0,1.0,1.0,185.0,745.0,2060.0,-16.823250000000005,-26.76686868686868,-22.481428571428577,4.0,2.0,15.0,702.74,-2651.09,-472.9200000000001
1363475,1,0,0,1.0,1.0,0.0,877.0,979.0,0.0,59.60583333333332,-2.696565656565655,0.0,7.0,0.0,0.0,-2775.2299999999996,-266.96000000000004,0.0
1363480,2,2,1,0.0,1.0,0.0,0.0,326.0,0.0,0.0,-20.590101010101034,0.0,0.0,0.0,0.0,0.0,-2038.42,0.0
1363481,1,0,0,0.0,1.0,1.0,0.0,804.0,538.0,0.0,-1.7840404040404052,43.97212121212121,0.0,0.0,10.0,0.0,-176.62,1450.99
1363482,1,0,0,1.0,0.0,1.0,2221.0,0.0,2352.0,50.96377358490565,0.0,11.046969696969699,4.0,0.0,10.0,-2562.6499999999996,0.0,364.54999999999995
1363483,1,0,0,1.0,1.0,0.0,997.0,359.0,0.0,0.3348051948051927,2.6172727272727268,0.0,4.0,0.0,0.0,53.74000000000001,259.11,0.0
1363484,2,0,0,1.0,1.0,0.0,712.0,283.0,0.0,12.080512820512821,-23.918282828282837,0.0,9.0,1.0,0.0,-458.93,-2367.91,0.0
1363485,1,0,0,1.0,0.0,1.0,2371.0,0.0,49.0,139.23956521739132,0.0,0.19666666666666666,15.0,0.0,27.0,-3161.24,0.0,2.359999999999985
1363486,1,0,0,1.0,0.0,0.0,24.0,0.0,0.0,0.0,0.0,0.0,0.0,0.0,0.0,0.0,0.0,0.0
1363490,1,0,0,0.0,0.0,1.0,0.0,0.0,400.0,0.0,0.0,2.8533333333333335,0.0,0.0,27.0,0.0,0.0,34.24000000000024
1363491,1,0,0,0.0,0.0,1.0,0.0,0.0,1640.0,0.0,0.0,-10.423888888888882,0.0,0.0,5.0,0.0,0.0,-187.63
1363492,2,0,0,1.0,1.0,1.0,1462.0,1462.0,1462.0,-61.28068965517241,-12.570404040404055,6.563200000000006,12.0,3.0,13.0,2740.42,-1244.4699999999998,163.7199999999999
1363493,2,2,1,0.0,1.0,1.0,0.0,591.0,771.0,0.0,-41.11050505050504,11.706842105263155,0.0,2.0,8.0,0.0,-4069.94,222.43
1363495,2,2,1,0.0,1.0,1.0,0.0,96.0,411.0,0.0,-24.513232323232327,12.82777777777778,0.0,2.0,9.0,0.0,-2426.99,461.25999999999976
